1970,1975,1980,1985,1990,1995,2000,2005,2010
1010177,1240613,1401757,1542979,1671742,1757025,1822368,1880863,1913545
322497,334416,345165,342540,328493,318308,305311,294264,279127
191802,184406,180728,172486,163211,157022,150687,142161,131928
297189,320526,352619,363631,359071,360568,359536,355004,347095
162059,158715,150199,136208,117855,109766,103278,98372,94535
204793,219180,227234,226097,216423,209680,201566,190478,181169
131568,141774,153861,162932,167384,171715,173030,170580,168057
112306,118181,128229,131573,129725,131544,132125,129365,125689
69871,50131,41715,31665,20969,17116,14791,13001,10922
89601,89369,93340,95862,93312,97042,96302,93677,90145
43904,43825,44777,44283,44416,44176,43395,42045,40998
38691,36882,36626,35542,32429,30060,28325,26826,24457
101573,132477,151967,158061,160118,169328,172086,172758,173320
54493,55464,53471,51854,48232,45754,43774,41592,39595
47369,38416,38552,37414,35176,33434,31183,29083,26034
42730,36520,32946,30017,25078,22931,21026,18899,16628
63762,77624,86349,90328,97201,115495,123877,125601,123722
34904,26363,25467,22645,19409,17351,15753,14401,12637
35110,32825,33860,32163,31078,30137,28476,26632,24750
38145,33741,32103,30459,28162,26403,24991,23411,21787
43874,42732,42222,41069,37194,34664,33328,31628,30591
40553,25749,23319,21511,17049,15116,13561,11927,10221
45381,45817,42880,40675,36912,34934,33150,31202,29201
56118,61031,66788,73610,78946,84866,88897,91437,93604
50848,50090,51192,52004,49591,48425,46861,45562,43170
27184,26023,25355,24829,23152,21722,21072,20068,19056
19334,11778,10178,9612,8279,6867,5941,5221,4387
38373,36000,35376,33833,30671,28770,27579,25838,23709
30876,29155,28499,27876,26665,26046,26112,25076,24259
46526,50885,56503,58370,55571,56892,54761,53135,51526
34449,39884,42911,48305,55615,62351,65239,67614,69384
31639,34987,36309,36922,36652,36647,37139,37066,36278
9746,22264,34148,40853,47758,53537,57731,60677,60353
20487,24646,40783,48015,53143,57706,59734,60104,59449
34375,36478,39096,39841,39741,43177,46804,48056,48032
18549,17351,17316,16507,15825,19672,20778,19982,18766
4818,4216,4144,4074,3811,3994,3940,3737,3515
18624,18307,17524,16016,13546,12151,11108,10121,8748
11334,12562,11613,10159,8111,7430,6795,5897,5114
7213,6980,7363,7380,6383,6150,5832,5447,5074
10401,10034,9514,8916,7826,7171,6665,6024,5341
16745,18710,21267,22607,23963,27040,28354,28424,28463
4636,4734,5011,5107,4979,4822,4907,4919,4767
23761,23563,23467,23017,22142,21006,20233,19149,17859
28191,26296,26359,25621,23781,22315,21438,20131,18896
13284,11743,11004,10252,9127,8807,8032,7003,6386
14896,14409,13930,13313,12234,11301,10959,10131,9004
10275,9013,8803,8522,7747,7292,7152,6417,5428
8039,7379,6862,6330,5755,5385,5105,4775,4409
8060,7317,7031,6719,6011,5422,5143,4816,4408
6425,5746,5490,5069,4604,4301,3921,3643,3033
10260,9279,9241,8431,7710,7214,6906,6466,6186
19473,17869,16051,15144,13389,12446,11842,10748,9590
3827,3435,3138,2767,2502,2301,2224,1996,1781
7257,6511,5925,5497,4858,4405,4114,3744,3443
5429,4692,4532,4214,3927,3875,3608,3457,3250
9406,8574,8055,7553,6986,6450,6215,5802,5292
5725,5003,4567,4593,4511,4641,4553,4669,4823
3758,3197,3140,3028,2826,2649,2536,2354,2189
2615,2246,2075,2171,2369,2388,2227,2165,2034
5115,4544,4085,3749,3240,3029,2843,2707,2490
5040,4439,4276,4125,3775,3489,3505,3583,3811
19146,18668,18893,18892,18030,17078,16184,16176,15568
9428,8304,7931,8282,7691,7430,7249,7112,6428
25799,25823,22373,20892,19372,17895,16726,15744,14451
3377,3031,2788,2640,2376,2128,2040,2185,1883
2606,2230,2014,1797,1596,1481,1325,1319,1122
6102,5635,4910,4271,4012,3648,3149,2860,2516
7304,6648,5901,5456,4967,4654,4318,4021,3611
6468,5897,5467,4959,4595,4293,4111,3967,3800
25339,25816,26632,26213,25266,24485,23685,22734,21258
2085,1734,1485,1460,1470,1552,1512,1310,1262
6489,5651,5444,5755,5665,9020,9792,9564,8778
10915,8891,8648,8634,8075,7667,7309,6836,6194
15718,12618,10790,9459,6440,5852,5171,4770,4086
10620,9511,9000,8426,7809,7250,6910,6477,5896
14850,13797,13354,12921,12282,12293,12452,12401,11691
19348,17528,17482,16860,16101,15604,14847,14352,13340
6654,5947,5427,5879,5537,5310,5144,4785,4859
5245,3960,3654,3400,3058,2854,2643,2417,2206
10483,9527,9429,9111,8787,8363,8067,7684,7249
7478,6624,6136,5583,5002,4508,4232,3943,3462
5036,4409,4163,4003,3735,3544,3268,3003,2730
5324,4332,4147,4105,3981,3825,3601,3316,3049
4617,3867,3569,3266,3009,2785,2562,2376,2193
8177,7016,6207,5640,5206,4745,4373,4041,3612
7943,7130,7509,7317,6930,6871,7165,7261,7345
5693,5109,5425,5669,5763,7676,8127,9194,9292
11068,9986,9619,9044,8383,7893,7643,7473,7087
6711,6118,5806,5457,5004,4683,4576,4340,4042
7443,6343,5815,5363,4735,4322,4065,3739,3328
11372,9805,9302,8018,6668,6285,5718,5176,4532
8204,7616,7774,7760,7418,7211,7671,7701,7859
18002,15719,14826,13975,12769,12106,11902,11628,10956
15791,14870,14441,14127,13265,12881,12809,12352,11545
8352,7421,7039,6723,6331,5931,5833,5707,5477
6868,5136,4530,3976,3650,3331,3236,2947,2814
2848,1804,1601,2097,2721,2104,1873,1819,1394
8513,7435,6696,6335,5623,5002,4710,4238,3832
7056,5911,5481,5111,4703,4466,4158,3952,3565
11568,9275,7173,5730,5065,4747,4413,4146,3775
11433,9620,8350,7889,7103,6540,6040,5512,5178
2839,2552,2100,2068,1584,1480,1334,1070,995
4736,4011,3559,3235,2788,2602,2464,2106,1907
7283,4365,3740,3182,2633,2414,2217,1952,1710
10962,9312,8319,8011,7166,6652,6167,5708,5078
8471,7272,6474,6012,5334,4855,4566,4272,3717
8544,7174,6528,5748,5251,4868,4645,4202,3656
28574,13624,13254,12256,10944,10102,9364,8740,7964
3512,2712,2444,2237,2057,1928,1764,1511,1369
6971,5739,5375,4900,4414,3912,3683,3421,3084
7831,6509,6281,5692,5340,4931,4542,4030,3780
4818,3552,3358,3374,3206,3121,2980,2940,2825
7130,6800,6503,6117,5573,5224,4957,4582,4168
5395,4537,4203,3610,3056,2754,2518,2289,1974
15756,14099,13633,12932,11819,11144,10509,9815,9125
8662,6605,6723,6314,5947,5504,5220,4850,4378
7535,6525,5990,5724,5121,4375,3856,3410,3078
7553,6485,5828,5352,4714,4104,3417,2951,2590
7682,6883,6028,5520,5110,4398,3536,3239,3037
5073,4565,4253,3850,3327,3095,2835,2784,2677
25916,25853,26534,26686,25680,24716,23905,22819,21575
13016,10890,9685,8972,8061,7380,6789,6222,5646
16674,15996,15795,15955,15182,14634,14066,13431,13045
8646,7332,6774,6355,6204,5705,5437,5025,4551
9173,8266,7836,7347,6758,6422,6126,5753,5358
8517,7733,7773,7654,7196,6736,6317,5981,5435
8881,7481,6430,5601,4901,4451,4110,3699,3428
10311,9307,8666,8389,7801,7252,6666,6393,5892
33330,30785,30428,29444,26735,25769,24844,23648,22265
16919,15017,14326,13702,12692,12042,11423,10758,10041
8514,6711,5673,5026,4499,4084,3799,3366,3028
7302,6763,6628,6320,5695,5277,4965,4589,4301
2714,1977,1609,1446,1310,1253,1314,1224,1135
8679,7407,7041,6567,6357,5976,5778,5507,4939
11007,9603,9565,9429,9238,8992,8946,8392,7933
7519,6769,6424,6112,5790,6121,5286,4771,4528
5364,4447,4292,4343,4123,3866,3748,3473,3232
20094,22585,24168,24353,23229,22414,21662,20748,19376
7916,6976,6817,6603,6183,5734,5438,5240,4890
16187,15496,14401,13749,13113,12805,10622,11343,10132
12242,11633,11258,10526,9519,9484,9438,9131,8726
15554,14851,14591,14068,12871,11967,11197,10602,9746
21228,19052,18875,18267,16976,16556,15783,14730,13615
10770,9331,8494,7767,7352,6883,6503,6173,5596
9455,8214,7634,7277,6947,6478,6204,6034,5775
20922,20213,19408,18808,17862,17186,16634,15698,14389
8834,8293,7986,7745,7159,6686,6210,5711,5114
7725,7777,7520,7456,7034,6811,6248,5796,5413
33241,32257,33190,32610,30262,29337,28438,27265,25419
24118,26933,31134,33970,33977,37528,39201,42452,45085
7567,7028,6979,7044,7149,7010,6839,6755,6416
9135,8143,7571,7042,6380,5936,5634,5229,5080
7883,6929,6744,6480,6307,6089,5910,5876,5702
11089,11537,9502,9008,8412,7822,7657,7243,6653
16162,14026,13352,13281,12033,11325,10988,10464,9961
15571,15845,16580,16731,16577,16604,17586,18300,18905
4231,3804,3785,4101,4277,4319,4116,3983,4006
4324,3787,3624,3571,3433,3350,3291,3326,3391
8814,8434,8356,8118,7483,7075,6711,6407,5977
13436,11399,11512,11285,10346,9593,8975,8325,7881
20994,20859,22390,23497,23408,24240,26080,26868,26547
13627,12306,11902,11255,9809,9093,8710,8193,7527
7386,6280,5779,5541,5050,4519,4164,3732,3394
14804,13769,13253,12534,11484,10336,10021,9072,8275
15172,13525,12667,11586,10289,9522,8871,8317,7630
6839,5474,5002,4466,3902,3429,3228,2956,2650
11726,10354,9693,9258,8395,7621,6846,6068,5460
7492,9818,13123,15942,19008,21986,22478,21855,20526
18114,16778,15940,15417,14093,13076,12307,11525,10630
10192,9668,9243,8921,8395,7866,7335,7005,6511
13832,12737,12297,11633,10701,10015,9388,8936,8285
12237,11974,12206,11796,10630,9954,9493,9023,8278
3015,2651,2638,2856,2829,2759,2728,2672,2627
15482,14897,14514,14105,13301,12307,11359,10397,9294
18296,18078,19035,18533,18297,17549,16910,16460,15855
17090,18929,21187,21675,21900,22326,23179,23792,23982
8001,7781,7730,7577,7310,7087,6298,6063,5646
8745,8249,8299,8065,7805,7471,6956,6540,5885
261743,285923,309768,316047,308782,314917,318732,311508,299520
174644,181565,192291,192989,191217,194197,193217,189043,183473
216955,231945,245617,248691,247983,249358,248608,244700,237615
37690,38796,40755,40501,39213,39004,39059,38455,36132
67047,67430,68738,67033,63843,63383,63208,62181,58421
59719,63066,67050,69106,68097,69146,69630,68359,66110
35343,37437,39962,41425,41342,41605,42495,42425,41258
66447,69119,71567,71857,68637,67969,67022,64052,61066
50785,49096,46869,46070,43699,42384,41320,40091,37243
39360,38846,38979,38932,37948,36876,36454,35336,33764
17551,17175,17501,17246,16103,15441,14528,13483,12361
7358,7208,7113,6099,4978,4737,4124,3816,3217
4771,4371,4360,4275,4052,3786,3480,3405,3271
16258,15999,14955,12855,10663,9813,9170,8215,7089
18439,18086,17402,16381,14899,14077,13551,12662,11449
18157,16326,15445,14307,13335,12546,11799,10910,9691
4327,3430,2812,2474,2225,2138,2049,1597,1594
18355,17601,17787,17620,17139,16940,16858,16495,16021
16724,16307,16312,15313,14751,13990,12881,11921,10978
10062,9983,10053,9722,9370,9151,8835,8541,8153
19901,18999,19215,18504,17766,17320,16840,16222,15227
17620,17245,16892,16627,16306,16126,15795,15218,14270
21061,20165,19968,18568,17354,15998,15325,14184,12743
17544,17994,18419,18351,16750,15969,16012,15218,14314
23974,22683,22707,22342,21237,20209,19357,18471,16759
10193,10100,10532,10931,10615,10523,10481,10430,10241
7144,7047,6590,6626,6126,5806,5508,5097,4881
23588,22816,22587,22333,21553,21270,20591,20016,19106
11749,11321,11104,11003,10071,11063,11849,11401,11095
17036,17251,17637,18632,19120,21031,23220,24172,24211
7673,7753,7624,7487,7125,6606,6566,6212,6340
10735,10174,9975,9675,8794,8045,7975,8042,7252
4243,4057,3917,3712,3295,3012,2793,2603,2463
4622,4462,4174,3634,3348,3173,3010,2843,2422
16184,15602,15606,15200,14440,13740,13223,12261,11299
24061,23607,23720,23638,22525,21666,21318,20138,18712
9427,8998,8878,8508,8106,7681,7288,6883,6175
24997,24840,24495,24053,23383,23041,22596,21552,19853
9279,9375,10199,11547,12959,14428,15618,15356,14699
4754,4448,4332,4134,3724,3498,3343,3143,2851
226868,251280,272814,287312,292632,300723,302857,300746,298348
79805,79214,78617,77024,72538,69587,66986,63588,59430
48816,49675,50132,49041,47219,46277,45160,43331,40737
101858,102689,105678,106747,106727,107112,107175,105028,101438
68074,71383,76633,80248,82902,87969,91501,94321,93138
43044,43195,43683,43402,42758,41225,40178,39141,36872
40768,38146,37382,36312,34923,33898,33108,31402,29331
150366,147933,147465,146065,144896,143974,140825,135722,127642
30308,29439,29356,28404,27242,26129,25676,24709,23300
72923,68981,65250,60007,52484,49447,46521,42987,39574
38289,37636,37537,37285,35017,33755,33102,31477,29702
36764,34491,34926,33770,33287,32751,32485,31079,28680
126304,126908,130318,132039,132116,133228,133056,130171,124746
12000,16047,25686,31733,38108,44189,51241,53560,53857
17954,18293,18696,19127,19013,19373,19750,19055,18033
14135,13044,11972,11231,10364,9536,8725,8021,7304
21725,20832,20350,19885,19141,18264,17372,16254,14984
26459,26720,27787,28892,29856,31311,33038,33692,33288
13526,15008,17465,18714,19920,21919,25268,27085,27205
12667,10923,9989,9520,8973,8594,7983,7375,6602
14872,14653,14973,16250,15672,15923,16383,16396,16325
9474,9374,9253,9703,9493,9288,9054,8819,8345
10397,9585,9036,8702,8228,7783,7305,6848,6190
20489,21078,21292,20258,19074,18301,17480,16516,15276
24193,25052,25321,24602,22925,22019,21214,20142,18617
22177,20219,18236,16959,15164,13879,12845,11914,10804
5412,5559,5225,5199,5019,4806,4529,4241,3843
4162,4029,4023,4013,3909,3796,3583,3358,3088
15462,14130,13768,13487,12646,12290,11863,10997,10209
5863,5168,5304,5382,5285,5204,5195,5019,4632
8775,8912,8496,8073,7985,7727,7324,6974,6507
24278,24534,24403,23818,22802,21322,20465,19524,17913
23176,21433,20861,20407,18610,17906,16933,15549,14187
598950,709326,792036,857335,918398,971297,1008130,1025098,1045986
177597,182168,186094,186587,182911,178923,174778,167324,160826
58772,59235,61040,61825,62025,63566,61547,59357,56490
87914,90304,92246,91468,88152,84848,82394,78011,73489
40886,40862,41275,42262,42030,41852,40793,39492,37422
40845,46730,49715,50897,53732,61993,67216,68662,73134
31170,32228,33731,35119,35431,35316,34354,33199,31336
36677,44862,50785,54436,58456,60625,61457,62745,63060
29822,32573,34910,36519,38091,40072,41407,43921,44187
102525,98086,98568,99182,98231,96832,93769,89316,83969
104888,97489,95801,95042,91852,88552,84947,80248,74932
32192,33901,36865,39280,40424,42778,43180,43235,42903
126057,126056,130266,133439,135208,138068,139313,138491,135147
14037,13884,13833,14175,14074,13915,13545,13318,12882
3712,3207,2926,2543,2208,2174,2034,1871,1694
16033,17525,19332,20305,20901,21995,22767,23335,23530
13337,13265,13370,13807,13632,13539,13166,12740,11995
26388,29563,32106,35416,37315,38749,39485,39809,39341
10344,10539,10636,10939,10797,10829,10872,10583,9978
22027,20893,20849,20598,19755,18941,17868,16792,15501
25141,25742,27822,29263,30301,33034,34770,35132,34845
14820,15869,17630,18236,18268,18815,18537,17713,16704
16004,16568,17246,17568,17431,17344,17059,16193,15085
14204,16164,16393,18106,19523,20668,21131,21068,20416
8031,9712,11201,12031,16321,25135,29848,32257,33994
18028,18584,18662,18768,18814,22856,24410,24509,24894
10072,9896,10172,10465,10426,10220,9768,9424,8927
4912,8067,13930,18053,24611,30224,35909,41593,47042
5028,5047,5200,5548,5885,6028,5992,5607,5334
8836,8616,8865,8794,8717,8463,8162,7856,7431
31693,31121,30996,30849,30184,29466,28330,27212,25527
20935,20958,21319,21362,20871,20170,19313,18410,17494
26722,26939,28152,28862,28164,27980,27395,26329,25190
17681,16945,16105,15246,14018,13044,11814,10723,10051
22943,22343,22243,21970,21401,20428,19860,18645,17429
257532,281408,304823,316550,322698,331597,336646,333109,323600
77011,75177,76028,73649,69516,67816,65237,62858,59084
124160,119716,120479,119088,115761,112600,109004,103652,98367
97856,95045,95529,94526,90098,88231,86288,82504,78946
50935,49063,47829,45891,42723,40517,38130,35637,32294
68621,66275,65532,63949,62537,61169,58504,55290,50849
50346,46822,45615,44499,42407,41184,39144,36753,34473
95428,94029,95748,96589,95489,94410,92843,89555,85229
28678,29690,32895,33482,33470,34660,35711,35814,34442
108378,105444,106428,105926,103564,100879,98326,93352,88301
55601,52502,51210,49356,46660,44794,42050,40049,36387
30542,30096,31428,32033,31838,31336,30347,28972,27544
39216,38830,39098,38348,36297,34945,33565,31868,29568
13768,11878,10526,9728,8035,7703,7171,6824,6054
5242,4708,4352,4116,3746,3553,3369,3107,2727
6769,6179,5837,5616,5291,5024,4708,4348,3848
28168,26573,26089,25254,24151,23346,22112,20438,18876
13083,11984,11638,11152,10677,10138,9698,9012,8220
17413,16582,15953,15047,14161,13371,12372,11678,10516
8189,8069,8228,8239,8152,7768,7533,7093,6623
6669,6427,6380,6316,6294,6208,6116,5847,5493
1640,3273,3334,3254,3286,3311,3323,3256,3218
27981,26623,26356,26358,25987,25232,24207,23038,21674
23604,21956,21399,21248,20906,20307,19485,18267,16792
4546,4132,4011,3818,3734,3568,3390,3180,2872
204127,219773,237041,245158,249487,254488,255369,256012,254244
92764,91974,92823,93721,94760,95592,95396,93178,89401
153173,150348,153330,152636,150840,149509,147546,142384,136623
120212,120614,125622,123823,122850,122536,121614,117577,111151
42120,42227,42911,43033,43125,42896,42151,40717,38850
38558,39311,41048,41828,42076,42805,43379,43625,42373
38357,37858,38533,38822,38237,38047,36886,36013,33836
34130,32670,32324,32204,31589,30506,29586,28192,26811
33221,33023,33286,33490,33260,32727,31987,30929,29473
44758,48082,52597,55123,57339,60626,63231,63864,62214
39113,39266,40559,41874,42751,43208,44800,45834,46414
27173,25377,25231,24801,23909,23127,22010,20695,18955
37271,36311,36682,37146,36977,36810,36191,35190,33658
14825,14363,14281,14369,15016,15357,15512,15415,15139
11597,11281,11624,11873,11773,12390,12573,12523,12015
22643,21947,21880,22311,22287,21930,21476,20738,19959
10740,10016,9473,9511,8554,8208,7452,6917,6270
12501,11646,11109,10875,10417,9819,9337,8593,7856
13126,11801,11374,11061,10724,10537,10477,9915,9227
11799,10952,10685,10633,10292,9949,9400,8824,8160
8430,7959,8037,7872,7886,7665,7381,6949,6365
14015,13520,13190,13007,12541,12174,11483,10761,9847
8397,8033,8028,7920,7806,7546,6996,6671,6164
13976,13253,12888,12557,12230,11571,10592,10054,9165
6080,5598,5301,5203,4982,4863,4528,4226,3762
7059,6724,6645,6616,6396,6092,5829,5447,4862
8600,7939,7601,7421,7248,6959,6450,5915,5304
27760,26868,27440,27576,27510,26964,26807,26026,25025
23769,22539,22423,22205,21548,20764,19688,18769,17313
13999,12649,12221,12096,11315,10715,10262,9742,8862
20183,18977,18821,18526,18112,17706,17149,16331,15314
12129,10764,10220,10131,9880,9538,9204,8623,7943
8864,8383,8479,8511,8263,8188,7879,8003,7731
28925,27775,27798,27458,26705,26251,25489,24677,23158
21224,20481,20412,20271,19705,18895,18037,16852,15480
235467,254223,270487,278229,284768,292696,297894,297357,292590
120839,124722,130883,134912,136336,137065,135415,131389,126220
241726,264628,286451,301673,314642,326833,334824,338834,338712
327164,330213,342074,350569,355812,360598,360138,354492,342249
58896,59821,60253,62596,63839,65155,66048,65707,64704
66552,67429,69553,71202,73107,77020,79409,80364,79267
64177,60924,60456,60411,59817,59554,58571,56396,52356
37189,37551,38332,39346,39134,39449,38842,38630,37817
68117,66745,66709,67154,66988,67269,66077,63178,59871
52926,49924,48932,48057,46758,46129,45052,43253,40422
69105,71402,74296,77139,77253,77860,75246,72837,70878
73767,72977,74186,74626,74200,73305,71817,69289,66027
26512,26877,27732,28531,29144,30682,31541,31367,31489
14723,14818,14901,14918,14692,14221,13700,13411,12853
12093,11928,12050,12010,11888,11736,11198,10692,10086
22747,21644,21099,20864,20001,19043,17751,17034,15569
7788,7647,7837,7979,8163,8339,8407,8464,8574
9278,10721,11437,11883,12130,12378,12743,12746,12815
7324,6836,6820,6878,6964,7153,6889,6486,6291
11077,10208,10025,9033,8537,7951,7579,7053,6461
851,827,765,735,702,727,757,706,636
8838,7759,7271,6731,6170,5804,5557,5284,4932
26813,25166,24119,23288,22548,22059,21095,19870,17864
4287,4010,3869,3749,3812,3859,3644,3475,3185
14200,12505,11490,10701,10122,9845,9075,8237,7366
5263,4769,4501,4391,4338,4357,4109,3951,3761
21417,20106,19717,19146,18839,18874,18178,17009,15805
21720,20510,20504,20431,20332,20083,19426,18274,17360
4207,3875,3789,3811,3683,3642,3601,3570,3364
6817,6013,5678,5519,5343,5136,4669,4260,4009
4108,3766,3389,3180,2883,2674,2474,2250,1926
6511,5218,4790,4282,3945,3511,3204,2834,2462
3604,2902,2629,2374,2167,2025,1874,1632,1500
30036,27973,27945,27705,27211,27039,26172,24741,22737
10454,11662,12744,14622,16194,17920,18642,19494,19767
5490,5358,5577,5834,6656,6924,6823,6761,6802
4438,4344,4448,4681,4885,5128,5274,5174,5154
15666,16308,17578,18249,18642,19075,18892,18735,18407
16621,16059,16105,16510,16606,16547,16376,15795,15062
9211,8540,8074,7918,7596,7409,7062,6740,6348
13592,12583,12060,12166,11926,11743,11296,10619,9884
6404,5700,5537,5423,5219,4957,4602,4322,3989
22423,21893,21731,21727,21534,21026,19914,18921,17775
7480,7248,7431,7505,7631,7593,7680,7602,7231
9359,8825,8804,8738,8523,8322,7910,7538,6921
7837,7467,7488,7621,7727,7625,7484,7272,6888
9113,8315,7879,7860,7617,7348,6818,6511,6030
19898,18859,19047,18987,19205,20124,19976,19194,18191
15498,14516,14085,13854,13431,13306,12555,12105,11202
4939,4796,5335,5323,5591,5767,5813,5533,5418
8215,7884,8366,8422,8322,8476,8380,8188,7700
11614,12770,14941,15895,15861,16033,16173,15910,16001
4709,4308,4132,4020,3933,3797,3384,3125,2820
7750,8190,9296,9988,10304,10656,10803,10992,11515
7424,7602,8017,8219,8182,7990,7647,7170,6932
21375,21523,22601,23595,23515,23245,22609,21615,20905
2397,2174,1992,2012,1866,1831,1736,1625,1531
8646,8617,8704,8876,8904,9093,9017,8584,8224
9385,8438,8331,8206,7920,7586,7093,6722,6209
195818,220859,239742,253744,260456,261275,261562,262603,268750
202856,212510,215498,218111,215069,212304,206589,199218,193129
98313,112577,121300,129236,137053,141862,144106,144060,143839
97659,108889,117691,129842,139239,146010,146452,145265,142995
66941,71162,76137,78214,80035,83398,83119,81887,79687
39561,44130,49387,52283,53288,53777,52774,52460,52494
37267,40565,43132,48857,57238,69163,76923,78950,80334
35512,37361,39337,41506,42704,45466,46544,46435,44987
55152,58040,60809,63247,64344,66029,66245,66536,65320
63141,60423,59503,59273,59758,61525,61869,59802,56250
29548,30982,32436,33968,35320,35604,34602,32932,31017
48323,44332,47670,51035,51093,52074,51593,49645,47026
65105,70067,73070,75963,77782,80903,82358,81497,79409
56596,73223,97715,108365,114409,118282,115993,111327,109651
19372,27674,40164,51926,60693,66338,73258,77223,81684
78110,89506,127402,150074,168466,182327,191814,200528,214590
99627,113143,125945,135774,142402,146750,151673,153639,157060
34700,48230,51355,55924,59092,60667,62287,64435,66093
25005,27507,29075,30421,30863,32133,31944,31524,30534
12300,14505,17585,23856,36427,45821,50362,53700,62482
52500,50635,50332,50226,49670,49561,48964,47808,45178
38256,41330,44768,47388,51078,54178,55069,54705,54240
98310,104151,110846,114906,117805,118078,116120,112581,108527
48853,52460,55204,57647,58699,59738,58673,57516,56114
41443,41418,43257,44454,45326,51652,51284,49689,46895
30262,35786,38797,41306,43013,45288,45229,44603,43553
49169,50333,51171,51766,51880,51972,50334,48400,45673
49360,62690,67364,72533,77596,83171,87626,91867,94795
42589,42476,42660,43074,42990,42390,41465,40035,37611
45119,46377,47731,49056,50123,50857,50915,51054,50156
21072,25402,32917,36776,38537,40495,40532,40174,44461
36967,40536,44371,46520,48200,52041,53406,53265,52279
28956,30574,32901,35158,35651,35741,35296,35008,34513
21654,21666,21244,21047,20745,20446,19957,19205,18328
21167,20460,20461,20437,20721,21979,23007,22993,21491
18960,25151,29197,31065,31557,32727,34333,35450,37438
32953,30866,29524,28230,27067,25604,23982,22103,20073
8066,8161,13509,14162,14348,17767,18219,18118,17299
24907,29737,33720,37670,42192,45652,46922,47994,47940
11720,11657,11516,11284,11201,11726,11502,10959,10172
21945,22160,22845,24029,24351,25008,24352,23609,23106
8382,8636,8645,8593,9468,10312,10218,9873,9410
21773,24347,25696,26297,26922,27237,27171,26468,25714
8262,9504,14378,19762,20511,20202,19033,18024,17473
324216,371314,408908,439551,465162,477215,487560,502396,511739
156004,162359,165756,167656,167686,165828,163140,159756,154530
152125,160835,168423,172613,174717,174305,171755,168763,164024
118083,122296,124331,126287,128276,128099,125671,123926,121249
89196,92924,95999,98820,101098,104019,104764,104148,102348
99415,96404,97515,96634,96859,99988,98143,94291,90066
105351,120264,127226,134242,142262,150115,155198,160150,164454
57035,64424,69967,74551,79228,80643,81530,83002,82289
65232,67312,71276,74033,76406,77063,78993,79023,77729
30063,31132,32747,34582,35603,36650,36466,35685,35343
69009,77121,85436,91376,97771,105127,110828,115032,117812
32495,33323,34820,35867,36543,38289,40030,41383,44768
33539,33281,33562,33854,33699,33535,32790,31152,29206
36471,41394,43641,44912,46673,54709,57447,59132,59483
18003,23631,24597,25229,27300,27700,29421,31592,31621
19844,20657,22104,23395,24317,25255,25685,25080,24348
21978,20810,20051,19656,18934,18532,17466,16403,15018
10249,10041,10459,10821,11481,12546,12441,12401,12094
16169,16306,16669,17161,17610,17424,16988,16367,16030
25485,30791,35037,37573,39588,39823,39853,40107,39605
11983,14014,16454,18983,23676,26489,26674,25907,25720
15155,14751,14930,15148,14898,14729,14171,13462,12560
20662,21859,22765,23662,26328,27785,29777,30915,30436
28121,27699,26824,26789,26670,26748,27027,26693,26765
24138,23061,22704,22671,22383,21774,20999,19865,18446
273864,293135,311121,325304,335704,338845,341738,340904,340291
280625,306091,323403,338297,346933,353879,358465,364919,371302
146489,148376,147744,146825,142838,138193,134298,128037,121704
137118,147116,159069,168559,175254,184420,194393,202447,207221
141491,158525,175381,189931,197139,203599,210022,213299,216465
54311,54943,56828,56569,56099,56344,55278,53177,51265
61130,66410,70245,75141,76221,76857,79371,79454,78608
83756,86823,88838,90052,91094,91162,89795,87469,83330
55031,59584,63594,66124,69413,70528,70220,69288,67975
50784,51883,53200,53768,54259,54435,54401,53765,52070
59970,61058,62274,63406,64326,64853,64893,63179,61077
34969,40061,44064,46743,49502,50983,51266,52115,51899
8600,9224,10030,10753,11358,12551,13334,14158,14370
9432,10160,11501,12488,13672,15171,16504,18060,19801
2996,2581,2309,1968,1711,1586,2285,1535,1306
6878,5982,5469,4746,4159,3644,3210,2757,2352
17573,16285,15228,14237,13683,12266,11171,10144,8911
7671,6856,5893,5089,4387,3829,3340,2929,2423
13615,13762,13937,14055,14343,14481,14660,14313,13618
23389,22792,22618,22451,21627,21056,20389,19398,18216
7342,7194,7237,7063,6878,7017,6939,6563,6017
12074,10839,10737,11056,10957,11135,10657,10858,10183
8591,9273,9341,8945,8620,8294,7702,7602,7160
4161,4421,4788,4079,4087,4088,4348,4351,3911
20801,20128,19975,19641,19169,18420,17689,16847,15622
6754,6228,6134,6132,6109,6106,5929,5478,4904
4109,3822,3905,4064,4085,4273,4139,4179,3898
8590,8157,8263,8341,8198,7962,7878,7783,7620
29218,29022,28123,27261,26540,26252,25079,23310,21345
12992,14667,17643,20494,24423,34244,37522,38168,37536
16290,15855,16024,16002,15948,15533,15946,15865,15706
8496,9182,9815,10156,10390,11255,11474,11326,11209
9620,9875,10680,11377,11527,11758,11602,11620,11473
25149,28377,31282,35925,39232,41100,41403,41466,40257
15030,17793,21869,24217,26380,27421,27512,27372,27023
657425,813712,879291,922757,1007569,1078545,1133300,1176314,1222434
171029,225465,259314,285437,304854,323353,330766,333795,342670
156955,169714,178610,189020,200246,205605,206446,204675,203180
357263,402231,435310,458439,495120,504618,514545,538434,561506
63582,69735,76960,83187,87014,90427,90530,88815,85786
78764,78166,76875,76275,75845,75618,73875,70563,66955
136611,196870,236476,275168,303040,320406,330100,336100,341924
55130,58766,63902,69109,75794,83278,85886,84860,83549
76501,80828,86506,92228,100697,115198,117777,115497,115002
65187,69294,72089,75449,78551,81662,82670,81957,81889
50383,57684,63889,70426,84394,93342,92929,91302,90099
103828,146856,187913,207021,226449,238598,240924,238506,237171
60886,98548,124029,144366,157309,162240,161460,158074,155727
45001,46505,48488,51504,53764,56035,57499,56693,56204
66318,77548,86854,92971,107124,116421,120271,119594,119639
101459,111389,120931,129851,135927,143116,146562,146461,144618
110792,146358,166243,178587,194947,206090,212947,220232,223926
123269,167177,186618,194205,206132,217930,225018,236316,243855
139368,195917,223241,253479,285259,298253,308307,315792,326313
77225,76311,70876,70408,73620,72021,71063,70010,71502
69511,77137,78435,76960,87599,97571,108039,116696,123079
65369,83997,104034,118603,137585,144402,147909,148576,149872
67938,81755,90088,94431,103617,110789,119712,124393,129691
32047,43548,50925,58935,63491,64430,65076,67448,69611
39512,46505,49713,55212,56890,62588,70170,76688,80745
77704,108990,119309,129287,138919,144726,149511,153305,158777
38717,48034,55747,61499,69029,73084,73967,73677,74711
74477,100629,114920,125923,141400,151756,154292,154684,154310
31699,46632,50888,58114,63929,69929,69524,70126,68888
37323,56127,62734,67635,72473,75322,74954,75507,82977
51775,70391,79591,85697,94864,96972,103247,104748,106736
42753,79355,98223,107964,128376,133600,131047,128278,131415
31935,39043,45594,53991,59706,63920,64386,63474,63309
27308,51232,77335,87586,95740,98221,97381,98964,101700
27923,43083,49704,51462,54342,58172,56413,54006,54012
14643,20995,35842,49381,63064,66208,67638,69783,69990
21646,32339,43219,48227,53169,54884,53758,53619,57473
18524,30785,38894,43616,48935,52705,56673,60284,65298
71360,90322,93467,94673,97974,96390,100118,101960,105695
21990,27690,31624,34171,38319,43225,46999,48389,50272
10112,14220,21005,23867,27100,29792,32216,36535,42494
14475,23595,28978,31567,35067,35607,35752,37050,38706
20006,25807,31197,34467,38746,39808,39711,39122,39054
10147,10734,11361,11622,12497,13609,13718,13356,12537
7505,7985,9295,10406,11566,12484,12836,15434,17323
10465,14216,16080,17204,18265,19706,19816,19479,18887
25641,26084,27045,29232,33709,37822,37301,35401,32913
15049,16000,17393,19865,21946,23134,23322,22906,22147
14072,14724,16107,17043,18991,21371,22246,22217,21079
4634,5779,10301,13931,16812,17973,17008,15985,15305
10414,10625,11131,12497,13489,14251,13966,13271,12418
8090,8917,9511,9989,10073,10194,9782,9684,9039
13099,12912,12817,12707,12571,12602,12199,11518,10888
8275,8591,8908,8963,8906,8809,8560,8352,7908
16477,16389,16190,16118,15919,15628,15061,14479,13436
5067,4931,4704,4593,4490,4323,4119,3795,3348
10493,10650,11030,11546,11797,12197,12107,11963,11605
11425,11565,12012,12508,13564,14414,15197,15062,14470
15652,17703,19700,22022,24626,28514,30126,30855,30998
25137,25846,28469,31720,33659,36880,37724,37061,35774
16656,22526,29537,31212,33837,35712,35193,34620,33641
20244,28072,34546,37005,40419,45056,47336,46646,46923
12207,15806,18462,20340,24194,27775,29021,30857,31153
482293,659356,746430,788930,829455,856878,887164,924319,961749
90415,90374,89416,87883,85138,82180,78697,75020,70210
261055,319291,364244,397822,436596,440555,448642,466608,473919
325426,423101,479439,506966,533270,540817,550074,569835,609040
55236,56139,56257,56035,54575,52880,51412,50527,49290
79956,96840,110711,120201,123433,123499,122768,122234,129312
253591,344558,400863,427473,456210,461503,464841,472579,484457
80520,91777,112753,130873,145206,152245,151197,151240,155491
58203,64942,71521,76929,83437,91664,93779,93260,93015
59365,67869,85897,95049,105855,112662,116898,121139,128933
60068,80804,101180,121213,144688,162624,170934,171246,172183
32065,33406,35603,38513,45179,54520,59605,61701,61751
61136,63189,65405,67974,69800,71382,71176,70643,69058
99955,117852,125155,136365,151471,152887,154036,158785,164530
169115,225215,272904,311155,347002,362880,373778,380963,404012
28065,26755,25462,25159,25334,24328,23235,22198,20788
155852,194068,216394,237617,257716,277061,278218,280255,280416
56485,82936,106635,124682,140059,146245,150527,152641,163984
66995,113262,134479,142184,148615,154509,168848,180729,189781
49240,76218,101061,111659,120628,124257,127733,131205,134017
42308,41735,41159,40965,39866,39283,37653,36475,35766
40988,63288,76157,85705,95052,99694,102573,102812,107853
70440,76016,77286,84310,89242,93216,92076,90977,89168
52034,56653,56102,56777,54876,54273,52839,50162,48073
21880,32251,64673,93756,115675,123654,132984,155290,164877
26375,37401,59236,67008,72157,79495,82552,84770,86726
25500,31832,38837,46460,52818,57575,58593,59108,60355
25357,28511,31939,37532,50036,65218,72595,75735,73212
28011,28862,29970,35745,55131,72278,79780,81102,88176
10509,12968,24974,32214,37082,47450,50431,53005,60345
12116,14852,23315,33291,42852,48666,50176,51370,51087
58801,57323,55652,53748,51228,48945,47154,44763,42104
40186,40559,41160,42226,42261,43357,42914,42086,39814
84519,89344,92048,93573,93275,93544,90943,87332,82866
42377,42695,43954,46299,50692,58405,60614,59024,56089
43112,43100,42816,43453,43431,43547,42835,42305,40962
21939,23099,25802,29460,33833,42363,47036,49548,50113
6259,8465,12807,17463,19298,20019,19885,21385,21234
8825,8952,9553,14208,22493,25615,25475,24377,22580
5381,5570,5645,5639,5620,6156,6747,6705,6454
17367,17141,17133,17429,17683,18201,17603,16950,16002
14857,17288,18205,18337,17988,17739,17076,16166,15154
17639,17887,18037,18504,19300,20196,20266,19009,18004
8198,7873,7971,8331,8347,8517,8401,8389,7920
23192,24434,25387,25923,26430,26814,26721,25981,24675
9929,10095,10486,10997,11135,11302,11648,11656,12034
7068,7182,7551,7804,7956,8250,8244,7838,7340
9353,9674,10132,10636,11155,13133,13892,14543,14752
11237,11473,11691,11975,12230,13238,13103,12850,12151
7514,7527,7487,7973,8285,8846,8625,8564,8035
11906,11662,11509,11640,11482,11339,10628,9824,9073
14620,13932,13612,13391,13218,12678,12121,11514,10671
8475,8484,8486,8267,7939,8129,8019,7942,7738
13316,13067,12843,12442,11696,11071,10521,9778,8950
74185,61656,54801,50493,39472,34780,36035,41778,47115
103850,90097,82700,79973,68041,63923,72526,98399,122762
223978,209492,201257,194591,158499,144885,159398,185861,205131
390657,367218,343928,332722,296790,279048,286726,305716,326309
234326,216250,202351,195876,181269,172474,176017,189632,206626
240769,207649,186048,176804,162969,153918,156325,165186,175928
281237,250714,232796,229986,222944,215681,215979,231173,247606
355873,355382,362270,388927,385159,365604,376840,420845,460819
397302,366058,346247,357732,344611,325377,324608,346357,365302
295612,285003,273791,269166,251222,243100,250140,264064,268330
734990,691337,661147,662814,647914,636276,650331,665674,693373
787338,805787,797292,811304,789051,781104,814901,841165,877138
274491,263815,247035,242442,205625,188472,196682,203334,204492
378723,373075,345733,335936,319687,306581,309526,310627,314750
553016,560716,542449,539842,529485,515803,522103,528587,549569
354427,321078,288626,278455,261870,246252,249017,250585,284678
431219,419996,387458,367579,354647,334127,326764,330412,335544
247013,217905,198126,190061,184809,176886,180468,191207,203296
471777,498286,498266,505556,518943,511415,513575,523083,535824
527931,559665,564156,587887,618663,635746,658132,692339,716124
571791,609025,619961,622640,631163,622270,617123,624807,683426
462954,442328,420187,419017,424801,424478,421519,424878,442586
446758,473656,495231,514812,565939,589414,619953,653944,678967
253407,322580,387178,426654,466347,503363,536046,560012,580053
117057,138129,142675,146523,152824,157884,164709,172566,179668
136959,139508,136910,138783,139077,135051,135746,137525,138734
155693,164950,164526,166252,165564,165721,171612,177016,186083
70954,86152,98990,110828,125960,137234,141394,142354,139339
163173,182474,192198,201972,209396,216211,226769,245623,255506
75662,83864,89344,97543,105372,107292,106532,110143,112297
157488,175924,180548,191071,197677,198574,204759,216119,223593
202499,255305,295405,321188,349050,360525,377494,405534,426987
94448,102714,102456,104642,105899,109279,111825,114112,118852
137373,156181,154610,158673,164013,172946,178623,183796,187035
98557,126847,145448,156031,165928,166537,167942,176538,180052
96545,112649,119363,123798,134002,135112,142290,144929,153557
81259,88159,91010,95467,100982,105786,111404,117604,120650
59709,64495,64144,64881,65833,66719,72187,72667,75510
37938,46457,48694,51478,58062,61497,61427,61074,59796
60297,70043,70836,73784,74189,74656,75711,78319,78751
46173,58464,65553,69881,75132,76355,77212,79353,83068
51911,60574,61913,65066,67539,67386,68037,73529,74104
78075,100821,106556,110079,113818,111097,113302,115330,116546
41275,50842,57198,60930,65562,67015,66052,66553,70053
30672,65466,95248,122135,144489,148113,145862,145877,147648
30817,43924,48154,50766,58635,62806,69235,76492,84835
22783,33129,42017,47203,52103,55095,56013,56514,57032
45187,56970,62810,66529,71940,75355,78351,79587,80868
144660,158979,158235,162899,170290,175073,180885,189735,196511
17687,20739,22803,27033,30967,32714,32892,33691,33497
8835,11463,13854,15787,16444,16701,16631,15941,16650
5036,4686,4230,4012,3808,3560,3256,2930,2558
11733,10559,9808,9273,8752,8257,7575,6741,6045
10889,11097,10734,10377,10014,9693,9224,8702,8461
251,274,278,297,315,317,302,308,341
3654,3685,3684,3653,3505,3163,3147,3161,2883
2081,2093,2210,2281,2314,2276,2144,2068,1889
4857,4631,4228,4167,3911,3831,0,2439,2676
203,177,225,260,293,275,308,292,348
10316,10318,10244,10024,9420,9476,9488,8837,8231
234,205,192,225,203,237,203,214,201
782,1507,1879,2303,2361,2809,2824,2723,2785
2238253,2621771,2773674,2992926,3220331,3307136,3426651,3579628,3688773
973497,1014951,1040802,1088624,1173603,1202820,1249905,1327011,1425512
317297,421991,494255,546517,602436,646513,681150,701630,717544
347576,389557,421107,427116,433358,432193,428645,426178,418325
163671,195635,214293,229990,245950,253822,254633,258958,260780
139249,165552,172629,175495,174307,170329,167583,171158,174314
228978,265975,300248,328387,350330,368651,379185,396014,409657
163631,173519,177467,185941,193417,200103,200173,198741,198327
129621,152023,171016,185030,201675,212874,220809,228420,235081
48242,56298,58479,57656,56704,56578,57281,58033,58302
45532,47888,48687,50471,52440,54152,52253,49861,48352
75226,103663,123133,141803,155620,164722,168142,168317,170145
82894,108955,145392,175600,197283,208627,217369,222403,224420
102760,145881,167935,177669,194866,203933,212761,221220,228186
43751,61616,70052,77766,89567,98123,99544,100579,101039
44492,59783,77498,93159,105822,113430,117519,123764,127707
56727,80562,93503,100000,112102,118159,125694,128174,129436
30237,36928,39919,41706,42600,43596,44156,44134,44020
24960,50367,65078,71152,77926,80680,81019,81767,83167
19609,24026,28359,29231,29536,29883,30413,31531,32766
22946,30696,36417,40141,44532,47438,46369,47457,47672
26154,27866,29931,31211,31599,32285,32259,32590,33032
21650,24859,27221,28936,29415,30576,30802,30247,29522
6028,7356,8626,9371,10054,10398,10222,10173,10010
8876,10511,12832,14006,14895,15599,16582,17530,17972
11875,12232,12601,12904,13097,13270,12987,12399,11676
14235,14130,13803,14082,14342,14340,13605,12655,11764
8205,9972,10673,11227,11941,12698,13396,15123,16369
21299,20816,19882,19792,19365,18411,15829,14206,13853
10284,9999,9968,9834,9588,9606,9075,8714,8212
23299,24552,25456,26027,27717,28389,27721,27430,26848
18436,24923,29873,35312,40424,43088,42760,42045,42089
2757,2895,3539,2892,3549,3478,3482,3507,3459
631923,681108,730733,759568,776775,796456,808969,813847,811901
279395,283440,289234,291251,290923,293250,292887,288457,282674
102220,105833,109429,110568,110228,109584,107662,104749,102292
94990,93686,95892,97638,99265,101427,97896,94648,91451
101245,99746,102134,103552,104499,106563,106016,104634,101202
44581,44375,44963,44204,43437,42494,41641,39956,38600
37890,37085,36705,35959,34863,33800,33085,31482,29762
85365,81746,78791,74620,70938,67962,65033,62058,58911
41059,40954,41833,42546,43116,43760,43526,42668,41862
83107,80460,80206,79366,76511,75591,73902,70705,66427
78444,80471,82984,84181,83377,84051,84297,83269,81876
67785,62900,61488,60612,56803,54780,53021,49844,47702
44158,42720,41980,41704,41072,40744,39699,37831,35457
62038,62017,62516,62781,61289,60354,58820,56962,54550
217679,214309,216320,216348,212248,212060,211870,208082,203899
47582,46533,47490,48332,48465,48828,48456,47043,45560
92558,87504,84942,81939,78061,74949,72173,67386,62727
49689,48177,48482,48009,47394,46490,45386,43555,40361
61995,63352,62830,64472,65566,66118,65492,63329,61624
35651,36480,35605,35567,35517,34830,34278,32813,31424
11760,11737,12232,12282,12290,12840,13313,13497,13724
7398,7515,7910,8172,8171,8483,8535,8545,8582
9534,10442,11396,12083,12761,13523,13643,13363,12791
24632,22070,20280,18526,17557,16786,15813,14703,13303
8170,7338,7048,6780,6421,6213,5814,5338,4907
8374,10871,9514,9491,9986,9606,9130,8713,8396
16092,14328,13841,13464,12955,12865,12389,11719,10881
5429,5139,5346,5502,5522,5702,5028,4806,4800
9559,8928,8638,8427,8094,7781,7510,7019,6438
680,674,595,526,479,474,449,438,366
350085,372835,391554,401070,408942,417595,420804,421239,421953
170841,181151,186900,188006,187869,186827,185682,181229,176061
47124,48419,49512,49825,49514,48316,47136,46331,44959
60883,61789,62413,62112,60766,58786,56680,54495,51726
30039,30456,30744,30880,30923,31841,33363,34002,33676
41847,42338,43096,43588,43754,43439,43084,42694,41852
41403,41805,43530,44150,44521,45918,48092,49429,49410
35367,35791,36497,36711,36374,35785,34625,33533,32067
68979,67583,66844,66422,65113,62965,60182,58140,54724
83631,88372,91317,93742,92912,92981,93503,94209,93588
1357,1386,1360,1419,1371,1658,2153,2673,2967
23717,24015,24028,24100,23671,23677,23362,23039,21965
27473,27226,27870,27974,27237,27444,27994,28011,27466
27638,28542,29163,29551,29625,28886,28276,28005,27182
19311,19083,18631,18819,17569,17007,15915,14700,13651
361379,395263,417684,430481,442868,453975,456438,454607,462361
68303,69567,69945,69915,68692,67368,63963,61871,57900
95684,100273,104329,106041,106075,107965,108622,109084,108433
48220,46816,45115,43283,40309,37133,34531,32823,29858
29224,28238,27351,25860,23471,21580,19852,18050,16300
69664,74405,77335,80877,80714,80333,78563,74982,71887
28530,28726,28784,28789,27517,26502,25541,24517,23032
32225,33139,34106,34628,34207,34722,34670,34847,34651
65725,73459,81286,92331,98499,103580,106977,109450,110459
32933,35308,37253,39061,39934,42033,45077,47207,48680
13598,23757,31817,36080,39769,42945,45581,47977,51885
4267,4267,4256,4271,4554,4514,4922,5677,6147
21541,22494,23682,24591,26078,30318,34304,35712,36940
10890,16870,20814,23032,24688,26367,26560,26896,26927
31323,30921,30636,29828,28782,26965,25396,23790,22216
17107,17091,17115,17306,16897,16409,15891,15236,14277
23181,22639,22475,22058,20678,19716,19149,18959,18535
15488,14664,14044,13565,12831,12053,11267,10549,9735
33138,31975,31277,30328,28065,25590,23673,21792,19565
231901,248838,259638,269083,270911,272970,269557,269144,266796
56445,60205,61844,65670,68041,67204,68145,68402,67760
33702,33890,34049,34011,33774,33496,33295,32182,31340
44694,43797,43379,43118,41837,41069,39632,37843,35291
32691,31025,30852,30416,29805,29162,28143,26961,25466
52614,57252,59579,61452,62283,62890,64898,66831,67450
29436,30238,30975,31830,31743,32432,32178,31081,29989
76720,79808,81942,83953,84897,85533,87699,87742,85614
68797,72174,75983,80707,83372,86870,91173,92318,91900
20244,19876,19667,19550,19387,20183,21182,20764,20647
5524,4814,4510,4318,4203,4032,3759,3405,3046
14442,13913,13820,13886,13804,13616,13221,12274,11551
25641,25752,25992,26128,25448,25158,25017,23995,23160
13157,13092,13036,13384,13222,12362,11630,11023,10563
10841,11577,11818,12310,12425,12201,12119,11630,11062
9291,9475,9156,9791,10598,10251,9983,9217,8580
18090,17873,18114,18026,17835,17567,17313,16780,16099
190289,201072,204654,207695,205896,206393,201710,199749,198992
50046,51976,53569,54796,54804,54691,54090,52572,50619
31188,32607,32901,33158,33903,35398,35513,35017,33588
38748,39330,39142,39482,39263,39521,39797,38686,36832
36858,36766,35404,34914,34941,35199,33124,30879,28120
27267,27334,27343,28175,29766,32097,32707,33801,32477
51318,51689,54123,58298,62351,67504,70116,72055,72635
47356,45242,44320,45035,46200,47318,47888,48144,46968
27075,34986,45337,54291,60765,66628,71706,74062,73807
50380,52278,55950,58466,62322,66839,71025,71711,70529
28317,28411,27878,27772,27790,30248,30157,28986,27114
38139,37901,37269,37338,37038,38046,36925,35922,33927
11747,13699,16812,21984,25868,28543,30769,31650,31322
23056,22718,21985,21690,20641,19885,18854,17939,17111
4862,3777,3005,2651,2269,1977,1740,1534,1246
27697,25083,23222,22327,20849,19570,18021,16334,14462
13576,12771,12465,11959,11826,11437,10863,10254,9011
19864,19234,18815,18656,18170,17629,17544,17405,16307
5662,7000,8751,10700,12548,14590,15937,16764,17653
2627,2424,2231,2141,2150,2153,2087,2051,1919
3829,3915,4002,4057,4409,4855,4910,4850,4541
5689,5925,6077,6942,7968,8370,8367,8490,8635
4079,4607,4637,4904,5040,5296,5274,5440,5324
2097,2136,2249,2455,2650,2784,2864,2958,2964
17221,17477,17812,18859,19595,21142,22595,23943,25471
1461,1328,1284,1227,1177,1123,1084,1018,816
1581,1364,1197,1149,1037,981,866,780,685
322825,342120,358173,369023,377261,387359,387911,386572,381511
203571,214608,223496,229917,233756,239539,243465,242541,243037
139770,145397,151804,157123,160259,164207,166568,163651,159597
60350,61776,62210,61747,59849,58056,56401,54699,52841
104789,107093,109465,111009,110402,110204,110589,108624,105335
48125,49594,50558,52329,52464,52104,53858,53240,51200
45782,49513,52543,53611,53662,53842,54207,53668,52168
39093,39936,42355,43705,44888,45711,46158,45499,43997
65347,66707,67544,70144,70639,72229,71552,71788,71093
28913,30318,31179,32396,32771,33601,34338,34417,33693
43111,43867,44985,46105,46468,47529,47845,46788,45638
35817,37311,36083,35460,34300,33655,33550,32145,29801
32159,30796,30073,29034,28114,27423,26420,24960,23545
36200,39717,43942,47273,50064,52807,54841,57099,56391
47113,52291,57417,60329,61420,64236,67747,68346,67670
89029,89981,91285,93895,95625,97813,100016,100462,100552
54870,56891,60106,61883,61954,63539,64549,64022,62068
24626,25487,26841,27884,28954,30157,30944,31271,30696
65690,69656,75209,79607,83154,88231,92864,96266,96479
7636,7279,7004,6831,6630,6434,5961,5663,5180
4739,4686,4632,4711,4722,4957,4908,4759,4972
3604,3413,3435,3468,3582,3537,3540,3494,3528
2009,1800,1604,1453,1368,1334,1584,1151,1121
1787,1584,1299,1200,1194,1148,1025,942,842
14969,14405,14228,14074,13842,13740,13622,12980,12069
13373,13951,14195,15051,15464,15345,16181,17144,19018
8708,9336,9851,11260,11895,12573,13412,14124,14738
8301,8425,8347,8455,8680,8712,8609,8237,7707
5532,5368,5245,5156,5004,5003,4937,4774,4609
8791,8276,8185,8052,7984,7886,7807,7304,6780
26932,26894,26574,26567,25519,24535,23930,22863,21532
13796,13846,14080,14693,14835,15362,15392,15528,15338
5869,5725,6125,6343,6502,7005,7207,7456,7573
22351,23269,23894,23935,23901,23193,22407,21801,20909
16744,17464,19729,21445,22651,24048,25661,26276,26214
10466,10292,10515,10705,10801,10989,10895,10570,9902
6660,7676,8877,9910,10666,12133,13404,13620,14543
5816,5496,5524,5578,5518,5514,5475,5263,5074
6767,7169,7582,7898,7894,8103,8692,8968,8974
12411,12627,13108,13511,13422,13617,14070,14117,13676
9885,10609,11488,12022,12232,12252,12528,12976,13216
8261,7652,7290,7052,6851,6565,6232,5972,5455
8329,7830,7818,7731,7807,7798,7757,7548,7036
679,732,657,635,617,660,712,688,563
2121,1938,1773,1722,1599,1522,1380,1253,1129
4057,4000,4078,4049,3859,4004,4075,4210,4200
1024,953,828,788,743,756,741,735,656
4222,3739,3389,3051,2822,2445,2239,2002,1657
3189,2824,2613,2461,2386,2270,2237,2062,1910
7389,7204,7224,7304,7242,7111,7089,6912,6692
7600,7381,7409,7444,7254,7169,7221,7068,6819
3030,2597,2322,1984,1802,1641,1522,1356,1160
8424,8082,7654,7370,6997,6641,6376,5770,5245
8020,7011,6680,6473,6142,6112,5687,5238,4810
4375,4317,4190,4318,4300,3738,3596,3361,3134
2266,2037,1768,1708,1239,1232,1205,1097,965
6338,6025,5637,5588,5160,5015,4770,4457,4145
18868,18156,17426,16825,15789,15221,14866,13900,12743
4512,4159,4016,3805,3622,3499,3347,3204,2970
3684,3362,3142,2904,2738,2559,2416,2160,1953
4991,5037,5578,6230,6513,7208,7706,8195,8425
4332,4111,4228,4309,4381,4459,4908,4875,4741
8105,7523,7556,7420,7111,6570,6049,5702,5172
10245,10317,10610,10792,10521,10712,10658,10630,10329
6342,6861,7496,7896,8337,9030,9701,10072,10093
6292,6495,7131,7919,8356,8906,9492,9500,9205
5893,5246,5165,4699,4474,4307,4276,3920,3221
15721,16290,16685,16918,16632,16776,16830,16463,15730
9625,10671,11205,11663,11568,11436,11460,11477,11072
6166,6507,6931,7308,7342,7773,7776,7654,7563
19166,19022,18964,18546,17680,16951,15900,14704,13678
6470,6180,6077,5974,5887,5850,5513,5312,4939
5155,5044,4966,4884,4816,4828,4610,4259,3853
12301,12045,11857,11909,11552,11355,10391,9927,9238
6163,5447,5132,4560,4133,3888,3620,3371,3041
12473,12032,12000,12462,12830,13292,13062,12504,11865
4449,3884,3502,3284,3053,2896,2638,2488,2215
394813,418176,420231,422174,421149,418574,415085,413367,413136
147764,153444,156215,158634,160483,161679,161827,162070,161160
88602,91573,95037,96459,95859,96680,97023,96231,92747
76846,82174,87812,97867,106213,113079,115740,114876,112595
69201,73624,78529,83363,87117,90147,92061,92597,91418
79593,82238,83539,84379,84410,85387,85004,84080,80910
26421,26791,26825,26935,26022,25969,24662,23390,22629
38279,39374,40066,40078,41006,42003,42298,42065,40387
48075,52570,56975,59760,61460,63962,64713,66730,67197
57876,58647,59161,59283,58044,58107,57274,55761,53718
35075,37524,39531,41700,43013,46065,50063,52133,54729
60786,63324,65038,65308,64946,65631,63283,62102,60475
84664,101188,122317,132633,138264,141055,141765,144174,145604
30390,38707,57290,71681,81968,88372,93463,97686,97436
26598,27986,29669,30592,30989,31534,30951,30316,29629
21236,27230,32247,36121,40074,43892,46571,50009,51950
40965,38384,36100,34641,32690,31247,30421,28902,26732
24943,26197,28245,31315,32828,33297,33900,34603,35047
54146,52985,52690,52125,50986,50809,49377,47495,44491
44254,45293,42581,42147,41576,41029,40102,38494,36314
31206,34380,37671,39538,40811,41694,41204,39453,37941
11603,15400,18309,19383,20696,21251,22137,22776,23804
21912,22457,22865,22746,22299,21682,22319,22696,22809
27766,29483,31372,32919,33102,33694,33256,32550,31332
23240,24794,26404,27899,28605,28736,28935,28895,28505
10788,10718,10483,10147,9544,9405,9110,8618,8096
13615,16681,19338,20386,20704,20687,20750,20830,20065
7469,7820,8111,8295,8385,8669,9141,9419,10028
12354,13014,13901,14533,15085,15115,15078,15263,15271
29979,30768,31171,30226,29156,28368,27453,26192,23784
15032,17173,19127,20342,21044,22079,23071,23788,23859
16235,18820,20672,21456,21987,23153,23820,24559,24980
10855,12810,13165,14342,15955,17027,17250,17547,18395
5393,5636,6366,7277,8722,8740,8853,8552,8361
4863,5269,5635,5816,5898,5853,5835,5710,5516
9885,10083,10255,10371,10650,10950,11013,10838,10593
6688,6569,6435,6527,6097,5748,5234,4870,4484
16396,15822,15451,15215,14731,14323,13632,12935,12045
14059,13350,12922,12685,12118,11681,11282,10545,9530
4080,3837,3578,3422,3323,3196,2980,2854,2514
14798,15604,16794,17965,18830,19980,19653,19272,18824
2525,2265,2132,2001,1892,1893,2151,1983,1733
681797,718719,727260,737098,739300,738674,729980,723323,716197
631284,672261,698982,728300,751509,766832,786306,804032,800866
194274,204438,208708,215360,216213,216470,211559,208005,202304
51281,51437,50082,49374,47291,45610,42936,41202,39611
78141,89248,94612,99600,105418,107890,110519,112241,111838
99021,110580,118214,122653,127127,129999,130372,131476,132001
63003,68072,69638,70197,71223,72287,71720,72441,71437
96613,98998,100519,102086,103149,103490,102585,102108,100276
195598,215457,222488,231176,239796,246985,251559,253297,254027
111452,123069,140751,150832,157219,162667,166002,170899,168625
99549,111684,124071,130106,134208,139083,141452,143101,143249
86113,90160,94398,99974,105030,109978,114328,117857,116363
88787,101106,114822,124717,133147,138388,141643,141944,142151
55997,62722,69261,74882,79557,81803,82533,85976,89030
48738,52603,57924,62705,68966,74826,78732,82991,84846
30318,31700,31007,30209,30081,29103,27798,26557,25013
31612,37772,41025,45149,49039,49729,52682,53062,54546
46126,49999,54252,58212,59926,60714,60827,60994,60107
40875,40561,39915,39769,38999,39426,38581,36627,34202
27402,29329,30774,33479,34237,35316,36059,35272,34700
35365,36348,38081,40783,43762,46334,47036,47502,47041
37984,41165,44046,46413,48369,50328,50062,50011,49269
47953,48226,48835,50508,51308,52067,51672,50645,49019
16220,17324,17030,17033,16719,16741,15807,15165,14064
9624,9772,9509,9307,9118,9036,8705,8303,7998
12219,12017,11722,11573,11200,10725,10304,10003,9516
10425,10337,10013,9635,9266,8841,8515,8104,7653
14933,14953,14376,13529,12696,11983,11268,10372,9469
17738,23116,28749,31922,35191,37375,38611,38803,38571
21036,25693,26408,26803,27755,29518,30870,31961,32302
27951,30718,31423,32324,33101,34208,36169,38716,40763
24256,24072,23212,23277,23566,22780,22235,21478,20629
19241,20525,21474,23142,25147,26475,27492,28648,29815
15205,13939,12776,11902,11126,10687,9785,8988,8074
21764,20679,20447,20663,21081,21321,20689,20273,19435
2036053,2079740,2087902,2116381,2154793,2152184,2171557,2215062,2263894
258547,284585,304273,322142,337982,352982,364856,372479,376665
219092,243156,271243,294406,316334,332136,345997,363807,372357
296141,318878,335465,341384,346972,353999,362726,371687,378566
92681,112569,120774,124623,126340,129393,131650,131925,132224
80663,85824,89328,92883,99550,106452,110837,115845,118828
161835,213857,244119,256990,266599,277589,287623,295802,305569
130997,148128,157084,162922,168796,172509,176698,181444,181928
51441,58241,59049,58735,59343,63723,65422,65547,65258
56933,60680,62021,63778,65899,66956,67814,71408,72018
87672,96152,105643,112403,120126,125305,132054,142134,145781
234078,283412,315871,344105,370858,383800,395224,412141,421487
94307,111047,123843,133059,142251,149464,158824,170250,178691
130913,140563,146010,152462,155559,158693,159788,163232,165298
82868,85282,85294,85580,84819,83730,82108,82108,82249
50594,58731,64614,68723,69801,71342,72583,74294,75198
54168,54865,54345,53077,51784,50854,50183,51265,54858
77996,90426,92141,92049,93837,95521,97923,99055,99730
79606,97445,103233,113284,124441,137165,143122,147182,147132
110629,122573,126023,130598,132483,135080,136938,136965,136442
54042,54204,54239,54965,54583,54602,53603,52178,49864
86608,95457,96048,95278,97358,99738,99921,104339,107690
48960,56211,62277,66696,69720,73096,75273,80262,85249
39834,56560,64831,70013,75433,78202,80536,83373,84768
41895,47209,49432,50506,54059,58578,62587,66085,68398
33634,44061,53151,57415,65675,70073,75066,78394,81140
31102,32191,31548,31270,33478,36029,38127,41351,44027
33843,41935,42800,42508,43807,46175,46906,47926,47340
29776,45837,54667,57969,62160,64869,66495,68285,69745
21486,32732,41024,44802,50335,60311,70188,78591,84237
56248,56633,60581,63769,64978,65243,65534,66390,64119
48104,57537,61337,62983,63143,64216,65597,65556,64978
59752,61165,61138,60986,61578,62738,63009,63358,65757
46740,63165,69078,70927,72582,73870,75728,78078,81571
27311,32714,36457,37614,38971,41309,42179,42575,43272
19734,25303,28552,30039,32241,39920,47684,56252,60098
48854,63687,70190,73132,76659,78678,82321,85307,86714
11317,14495,18610,25507,33714,38490,43306,46493,52022
11509,15591,22125,28475,30446,32172,36878,39384,41851
11005,13876,13693,13791,13213,13513,13001,13565,14405
14898,15894,16195,17247,17464,19031,20633,21602,22446
21317,25296,27254,27822,29210,30254,31728,32535,33558
13907,17690,19939,21171,22598,24724,27073,28501,29891
24377,28771,30966,32249,34428,36366,36240,36750,36688
4381,4708,4709,4719,4630,4732,4525,4369,4525
18499,20867,20880,23341,23932,23890,24028,24577,25466
24550,33080,36035,38614,40430,42409,45168,48046,49800
27705,27413,27017,26809,25954,24846,23250,21909,20549
19227,20408,20820,23444,24669,26076,26083,26294,25178
25575,30254,33924,36381,38105,38153,39993,40981,42408
20456,23448,26163,28591,31004,32711,33408,35596,37930
10732,9963,9321,8724,8225,7599,6959,6306,5769
7706,6752,6236,5898,5441,5124,4717,4347,3757
3865,2308,2126,1933,1813,1722,1629,1517,1336
242000,257198,265443,273817,280384,286519,286521,288538,285746
241405,258887,266756,273827,285015,296623,302102,303845,307766
130339,134910,137296,138672,138298,138404,136173,134973,130271
139161,147135,153185,158155,159625,163131,164504,168973,168017
101403,105583,110310,119855,124042,129595,134856,138963,140290
121185,141829,156250,164936,174105,179800,186151,193114,199293
30862,34929,44488,56474,68933,79913,83291,82156,80284
31562,31797,31348,29741,27114,25258,23683,22103,20033
37817,39617,40578,42810,45045,46128,46606,49253,51023
29462,29346,28812,28363,27320,26806,24945,23067,21435
32909,30640,28720,27474,25783,24067,22640,21230,19662
38414,40574,41591,43462,43882,45746,45630,46446,45684
62032,62415,63065,64252,62877,63035,61628,58225,54694
92841,94399,95582,96846,97752,101435,101527,100623,97207
3358,4097,4986,6307,7167,7231,7172,6965,6855
9562,10770,15538,18949,25447,26235,26305,25897,25661
24187,27546,29373,30775,32263,35117,37972,38986,39978
6800,7059,6851,7003,6744,6900,6716,7114,9626
10605,11078,10645,10403,9988,10863,11782,13048,14003
16159,16057,16054,16174,15691,15644,16149,15793,15438
17223,18296,19504,20724,21484,21853,22300,22618,22833
13754,13383,13172,12982,12144,11758,11399,11099,10416
10482,11004,11643,12141,12348,13313,14284,14888,15297
8323,8402,8730,8996,9075,9077,9218,9057,8692
14754,14491,14144,13521,12580,11921,11334,10788,9846
27813,26103,23883,22439,20933,19673,18235,16687,14791
26691,26568,26268,25151,23663,22478,21362,19963,18611
11081,10575,10544,10279,9893,9914,10030,9903,9376
10899,11314,12177,12783,12919,12921,12824,12648,11896
181164,201599,228982,250715,277290,295574,309793,323719,337634
78753,85066,89701,94204,99519,103508,107860,109779,112156
114977,118058,119988,122393,121481,122415,123862,124498,124131
52171,60087,70772,74617,77730,79488,80669,80610,81738
46409,64873,77012,87542,94767,101828,115455,121159,130874
34785,41439,46763,53052,58561,61859,65542,70823,76560
23031,32496,37033,41827,45049,48759,54856,59869,63655
67762,71025,75203,79088,82668,90744,92484,93853,92704
26938,32513,38144,42478,43671,45865,48326,49486,49955
18646,25333,32729,39212,46093,51372,53740,55325,54614
49818,49519,50926,52020,52032,54369,55451,53950,52486
85214,91713,98664,103204,106508,111322,114395,116797,115479
39128,39272,39335,39739,39600,40557,41251,41009,40060
20754,20913,21680,22009,22391,23132,23022,22809,22870
8669,9301,10396,10751,12672,13650,13370,13280,12916
16526,17016,17034,17085,17036,17856,18992,19729,20118
7020,6992,7194,7414,7396,7222,7132,7418,7566
8724,9024,9058,9141,8811,8569,8169,8103,7500
9279,9382,9284,9353,9136,8916,8463,8145,7761
1427376,1468833,1480377,1486402,1468190,1470902,1474471,1474811,1474015
76844,78458,81398,83057,82791,82555,83120,81977,79652
95895,97780,97578,98775,96333,94784,94050,91733,88669
44983,43490,42552,41903,40595,39981,38881,37755,35836
103497,133405,152692,165411,177010,184830,189112,189591,189609
31603,30194,28881,27895,26450,24937,23276,21512,19948
47151,58184,69410,76207,85283,92398,94555,93996,92399
35658,58923,74350,81850,84770,85398,84346,81636,80037
36988,45886,50604,52216,52928,53290,53425,55041,54328
51414,65557,71445,75242,77191,78697,77846,78335,79844
22974,50132,64882,72356,75758,75779,73682,74252,74227
21507,30022,39198,44465,48899,53040,59577,64008,67910
75187,74494,72966,71548,69085,67208,65578,62723,59038
39318,38409,38215,37709,36693,37841,37617,36736,35214
28007,29958,34431,39761,49532,52436,58809,63649,69761
10375,14966,16283,16717,16152,15879,15736,15191,15121
8766,11540,16345,19136,18798,18133,17080,16610,15914
8560,9112,9258,9316,9234,9438,9102,8951,8447
6991,7074,7180,7939,8316,9122,9840,10060,9711
2721,2631,2506,2429,2311,2223,2056,1876,1626
6316,6244,6290,6333,6079,5921,5457,4998,4482
10929,13894,15334,16095,17519,22691,26357,34236,35630
3570,3388,3396,3701,3890,4024,3784,3466,3078
20061,19381,19677,19087,18696,18785,17929,16893,15732
4779,4283,4021,3792,3586,3361,3112,2718,2410
28617,28618,28061,27232,26371,25939,25593,24906,23454
2980487,2778987,2648180,2636249,2623801,2602421,2598774,2628811,2665314
616558,777009,839421,852864,844899,840384,829636,830966,841966
162022,174952,180317,185731,188563,194818,200104,201000,199234
368498,398384,403174,413213,409837,398908,391726,386623,389341
94333,100268,101121,101683,104218,104293,101516,101616,104229
259619,300956,332418,348948,345206,342760,347929,353885,355798
59437,66250,67474,67755,67035,68842,75091,77673,77548
231129,330570,340720,348784,359867,362270,357438,351826,357359
73366,79506,81162,79591,79234,84653,88523,90314,90519
184466,178383,165630,159400,157372,157306,152298,147465,146697
217369,297618,353358,382257,390788,400144,402563,404044,407978
163545,210286,234062,250463,254078,258233,260648,267961,274822
227778,261639,272706,276394,277568,276664,274777,273487,271460
77000,86139,90684,91563,88866,92583,96064,98889,100801
75754,91393,97495,102619,110447,121690,126558,123837,119576
206961,254311,255859,258228,256524,258443,250806,241816,238204
51994,66936,78572,91313,108767,117082,121008,117239,112490
111562,132662,135849,136455,135919,134457,132562,127276,124594
93136,110829,116635,122441,126460,128838,128917,126504,127534
95987,118237,124322,137641,146127,157300,172974,177856,184988
57414,79621,104112,114770,122120,127542,124898,127135,129895
53104,63586,69836,73252,76819,80303,79227,77034,74773
77134,94160,103181,111394,115049,117735,119246,118695,117681
141041,143238,138902,140590,142297,140506,135648,131706,130282
60116,76704,80684,86332,87453,87330,85065,85009,83720
61442,66824,66815,66974,65086,64295,62260,61127,59572
50414,59515,63726,65252,65922,66988,66806,65780,66165
500173,524750,521558,522805,518319,517232,515094,513821,509533
38206,46741,53324,60059,60065,61688,64152,64683,64403
37893,52368,50582,50352,50035,53763,55136,57342,57554
33701,52732,61425,64205,65308,72404,76919,77644,77686
19198,36045,46508,50246,54319,57647,56996,58208,58227
28322,37381,42612,49640,54073,55625,58193,57616,56646
16873,22404,24663,29549,29971,30339,30125,29052,28935
4930,7090,12471,16297,23676,26617,25722,23928,21989
9521,9749,10024,10389,10850,13876,14186,12897,11650
16795,17754,18053,17223,17566,17098,17509,17586,18149
13808,18032,25432,33542,38905,40850,42914,44505,45069
8382,7785,7519,7223,6540,6285,6785,7240,8085
20684,22423,22864,22326,21560,20812,19789,18504,17504
6374,7384,8741,9996,10802,12872,14190,14483,14220
8941,12262,13967,14390,14588,15913,17341,17545,17040
5013,5062,7288,7697,7617,7459,6968,6538,6015
1288930,1360605,1367390,1410834,1477410,1423792,1493398,1525393,1544200
447666,479360,494825,506101,509129,527854,534969,536232,536270
553696,545783,523650,509115,498999,488586,466187,462647,453748
206532,234905,254869,263363,270722,287606,293117,291027,290959
377043,400622,410329,421267,426909,390389,438105,465337,482640
56171,55022,54826,55048,54049,52839,52248,50030,47254
70938,76211,81745,87127,87524,75032,83834,90590,93238
153763,171978,178228,182731,186134,188431,192159,192250,196127
40657,42008,41498,39868,36871,36103,34320,32475,31158
94732,95687,96448,96086,94163,93859,92752,89208,85592
140344,183280,212233,227311,239803,260567,266170,267100,266937
45942,49583,51046,52374,51131,51426,52077,51794,50523
45964,46182,46380,46889,46220,46339,45718,43953,42802
127179,162624,183628,194273,201862,202544,213037,219862,225700
49071,63746,78297,82636,84445,86562,86117,84361,81009
68900,77080,85463,91434,93273,97632,96020,94813,93901
87127,115773,129834,136376,141253,144539,153762,157668,156423
37623,40576,43574,45686,46007,48214,49432,49761,49680
33090,35261,36529,40716,64560,96279,111737,113572,114216
48354,50161,51051,52107,51784,51706,51104,49396,47993
43428,42026,41685,41144,41802,44752,46325,45245,43263
36716,34919,33979,33595,32092,31290,30110,28306,26501
72441,72401,72982,74103,73659,73988,72862,70810,67757
58072,57813,57744,57690,57526,56664,54979,52283,49834
39506,37763,36850,37149,36625,36766,36069,34791,32814
61675,59298,57650,56306,54643,53235,51884,49078,46459
48558,48791,49084,48980,48454,47685,45460,43302,40938
32149,32410,34275,36401,38270,39743,40688,39970,40181
73058,78363,81167,82934,83045,83431,83207,81561,80518
7032,7940,11526,14430,21558,27130,29094,30021,31739
26282,26252,26095,26179,25745,25440,25331,24304,23104
21140,23425,27609,29579,30603,31377,32054,31944,31026
13116,20011,26527,29757,30813,33583,33766,33545,33183
14686,14915,15230,15354,15105,15060,14812,14150,13288
16637,17603,18089,18787,19913,19854,19582,20669,19830
14659,14517,14401,14266,14492,13829,13500,13077,12289
20457,24751,26686,29663,30477,31634,31960,32555,33438
16902,17448,18388,18900,18781,18849,18419,17603,16636
26410,25600,24874,24516,23827,23341,22337,21012,19265
28321,27571,26694,25964,25136,24298,23271,21439,19696
22961,21876,21514,21011,20226,19629,18601,17467,16004
215642,265040,305614,335468,357178,368039,374944,370102,366591
53475,58637,61711,65223,68237,73806,73668,70800,68451
57456,71001,81266,89624,92949,95165,94188,91672,89023
57020,62909,64894,69129,68815,74188,72741,71152,69178
75508,95701,107316,112888,115554,121988,125005,124728,125605
52081,54314,56439,58894,60262,63225,63248,61130,60146
41546,40892,40089,39600,39869,40871,39928,37375,34460
35987,37554,37387,36693,36644,36119,34676,32273,30287
35550,48848,70461,86293,99604,106726,112830,113686,118113
21205,26583,36314,43485,52817,56739,63487,70998,75227
21431,25689,29546,32462,33939,34436,34950,34985,35859
37963,37269,41101,41874,41736,42035,39762,37183,34227
5978,5885,5822,5933,5773,5420,4967,4595,4107
7899,11705,16854,18783,20096,20385,20497,20286,19727
10023,13771,17949,21606,23123,24161,23977,23062,23440
16892,20743,25754,27042,27595,28371,28566,27816,27734
5321,5774,6459,7003,8728,8941,8539,8257,7929
6269,7492,9446,9670,9650,9847,9422,9174,8653
6430,7853,8560,8536,8620,8584,8042,7764,7440
20988,25560,28172,30036,31533,32837,32934,33029,32121
3189,3144,3083,2975,2743,2645,2472,2193,1895
3852,3593,3430,3287,3035,2840,2623,2366,2102
9413,9191,8909,9042,8831,8388,8153,7914,7657
6573,6650,6987,7109,7363,7126,6846,6343,5856
4483,11499,16452,18826,21336,23811,24005,24953,23728
14783,16331,17213,20265,23625,24574,23782,22751,22182
17355,17992,18427,20345,24605,29457,31444,32810,33070
7693,12080,15793,18105,19408,19903,20126,19446,18531
16419,15841,15182,14541,13421,12427,11318,9984,8642
15930,16063,16510,17453,18633,20015,20376,20070,19176
12725,12079,11460,10801,9950,9532,8670,7737,7020
2009,1845,1788,1550,1472,1324,1194,1076,840
4040,3654,3207,2731,2519,2310,2104,1800,1572
1405,1285,1121,1213,926,875,783,743,524
8502,8086,6627,6001,5516,5202,4854,4390,4107
2360,2051,1800,1589,1514,1370,1292,1212,1039
1717,1463,1155,1123,1046,1023,915,802,683
6020,5173,4151,3481,3093,2821,2558,2045,1643
7028,6251,4916,4187,3723,3336,2909,2608,2143
365267,389717,400802,401352,396553,393885,386551,375591,370364
71200,71126,69942,67218,64390,62634,60373,57744,54783
49747,52168,52616,56755,62156,69329,70469,68529,66361
34257,34865,35683,35401,34810,34283,33661,32143,30592
30573,30272,30398,30450,29133,28510,28034,27053,26111
85347,86876,88130,88263,86143,86159,85646,82499,79119
42073,41748,42428,40465,38140,36278,35176,33790,31498
61317,61279,62218,64431,65126,68802,70067,67862,65840
15980,20300,24125,28066,32846,41550,48156,50834,52882
16148,15687,15625,15037,14215,13378,12387,11643,10391
25258,24998,24496,23924,22764,22052,20945,19670,18230
8091,7941,7693,7395,7076,6661,6073,5516,4963
7604,7521,7236,7054,6611,6386,5355,4632,3975
16833,16768,17037,17171,16525,16067,15410,14742,13210
8920,8988,9178,9003,8809,8735,8361,8071,7714
32478,31311,30944,30322,29870,29703,29563,28640,27162
8741,8753,8832,9042,8920,8919,8802,8462,8077
7119,7023,6973,6975,6862,6926,7148,7344,7432
8258,9273,9468,9273,8529,8056,7625,7179,6508
10953,10801,10767,10619,10315,10077,9769,9192,8606
15352,15335,15390,15261,15109,14907,14734,14200,13470
13610,13143,12274,12006,11746,11556,11607,11305,10509
26612,26617,26002,25264,24737,24916,24563,23642,22696
9985,10636,11835,12702,13180,13752,14501,14775,14807
8222,7800,7299,6777,6309,6066,5952,5293,4730
23871,23596,23006,22248,20610,19943,19417,18185,17080
4566,4433,4539,4314,4098,3907,3777,3506,3250
6078,5365,5030,4584,4193,3884,3726,3426,3103
1135,1015,790,686,613,593,635,570,486
27141,26763,26256,25148,23937,22521,21429,19931,18249
169176,176182,184601,190836,195707,197959,200744,201740,197449
117056,126523,136053,140615,140503,143856,147837,149584,148271
54740,55709,57252,57306,56602,55669,54027,52592,50720
34145,35821,37278,37351,37282,37365,36843,36459,35259
16817,16063,15969,15944,15342,14713,14015,13270,12362
7443,6989,6633,6337,6004,5548,4998,4378,3873
12392,11650,11504,11199,10670,10082,9383,8647,7718
22142,21161,21303,21560,21091,20806,20245,19434,18427
9157,8785,8771,8880,8700,8356,7921,7509,7015
17776,17331,17488,17498,17309,17167,17381,17525,17029
22300,22030,22150,22326,21736,21184,20442,19499,18531
14491,14531,15772,16929,17155,17228,16915,16052,15442
2259,2342,2552,2799,2830,2760,2971,3073,3339
22626,22180,22356,22225,21508,20563,19561,18897,17491
11108,11410,12472,12854,12774,12345,12210,12070,11536
11803,11487,12071,12346,12630,12709,12663,12343,11621
11051,9730,8889,8470,7974,7382,6696,6112,5460
6757,6362,6092,5792,5377,4921,4516,4185,3745
5538,5025,5015,4757,4528,4316,3921,3643,3379
175399,184157,194173,201026,203298,206718,211564,210796,208613
73592,72253,72130,72529,69411,68103,65463,63046,61713
157325,159058,166280,170529,171422,172001,173776,173751,171485
58308,57727,59040,60080,57706,56596,54622,52368,50015
51475,49433,49570,49277,47291,44953,42573,40703,37996
48382,48800,49321,49616,48492,46934,45255,43839,41836
33479,32931,32785,32937,31774,30740,29377,27774,25697
53655,51379,51477,50981,49612,48248,46323,44403,41917
20878,19398,19057,18706,18100,17426,16689,15812,14456
9163,8180,7771,7650,7331,6893,6541,5979,5534
7213,6803,6303,6123,5512,5099,4784,4324,3900
10494,9262,8838,8372,7606,7211,6624,5911,5351
17919,16659,15734,15795,15117,14456,13866,12944,11959
15412,13957,13423,13002,12131,11389,10628,9515,8427
9667,9122,9415,9165,8725,8600,8179,7362,6810
4257,3809,3537,3339,3119,2857,2672,2581,2374
5210,5089,4830,4886,4429,4048,3804,3486,3136
1214,1072,1068,941,855,802,718,725,657
20533,19797,20043,19675,19090,18367,18045,16904,15521
500599,555051,590424,618950,640406,663346,674375,696172,709584
374385,417750,432171,443721,445059,453618,460869,469377,475513
101015,103527,106684,110542,112386,113617,111499,110569,106788
73478,78516,77803,76954,73238,71330,69567,67047,64588
62405,63413,61917,60598,59619,60478,59300,57272,54225
54350,52591,51669,51053,49255,47647,46489,45104,43927
48444,53684,56865,59714,61459,65437,66201,66584,66201
53270,49330,47013,45760,44039,43115,41077,38799,34963
48967,46726,44882,44019,42264,39891,38492,36073,33870
50433,50745,49306,48112,46319,44855,42534,40241,37839
33769,35866,37939,38838,38928,39228,39403,39081,37852
26911,32211,37007,40005,41016,43011,43813,43913,43458
62608,61152,60586,60196,58754,56607,54747,51782,48964
40731,38793,38430,38309,36942,36140,34577,32479,30498
34889,37372,39360,39723,39415,38595,37724,37327,36114
17945,18385,19088,18827,17841,17227,16815,16180,15362
8352,9503,10816,11593,11634,11562,11915,11921,12214
7445,8216,9038,9975,10589,10583,10782,10823,10916
18665,18424,18400,17869,17306,16803,16230,15713,15092
1404,1280,1357,1272,1165,1101,1051,1019,957
18280,17377,17493,17457,16500,15731,15091,14059,13580
10773,10445,10382,11469,11539,11669,11428,11263,11195
7010,7716,7818,7905,7577,7230,6690,6475,6085
2014,2009,1923,1928,1939,1902,1831,1684,1520
7697,7452,7257,7005,6605,6266,6115,5690,5296
23373,20815,20029,19716,18972,18254,17562,16577,15642
17814,15956,15366,15396,15111,15507,14651,14040,13033
798540,923588,992736,1051748,1093707,1117117,1134134,1154391,1173843
306222,311786,302766,293584,280429,270179,259224,251003,239973
35017,36273,36895,36286,34771,33451,31935,30657,28644
106376,107602,109236,111108,110524,108617,106229,104196,100509
183325,185503,180901,177532,166930,159890,155200,150225,145202
355264,405677,425675,441502,445403,453791,456908,459087,461357
58364,57625,56209,54939,52692,50356,47697,45188,42563
65561,64190,63582,64089,63596,62910,61635,59314,56605
60072,56336,53506,52157,50624,48539,45678,43149,40244
37637,38457,36075,34760,33236,32850,31405,30279,28836
93587,108219,120871,131159,142088,165153,175346,184430,190135
57218,65284,76592,89034,101630,112591,114981,115530,114038
38541,37304,36984,36929,36115,35821,34439,33096,31487
44819,43477,41892,40317,37257,34866,32278,29939,27031
40302,47539,47817,48833,50060,50676,50673,50732,50442
24651,28755,29934,30633,30744,30047,30042,29137,28475
14884,20604,24252,25346,25263,24953,25392,25103,24533
14223,14064,13350,13082,13083,12419,12276,12399,13262
14115,12992,12784,11738,10879,10257,9181,8238,7255
25682,24229,23743,23183,22926,22458,21929,20857,19969
17872,16643,15146,14101,12190,10854,10131,9236,8448
24384,23063,22483,22306,21684,20735,19690,18866,17549
19479,17114,15732,14834,14016,13218,12512,11590,10350
315603,322300,325478,324585,315643,310717,301097,290693,280947
161241,169926,176620,182505,182526,182771,182031,178955,173772
160347,164470,173590,183149,187793,193172,197115,199297,196628
77962,75302,74846,72748,68999,65293,61745,57990,53747
97009,105540,111468,118067,117634,118803,117724,116818,116611
49627,55825,54803,54445,53030,53471,53101,53509,55012
157338,161103,163692,161682,158293,156347,153985,149702,143857
52898,56795,57905,58228,56410,55408,54680,53971,53004
53247,51421,50892,50259,47656,45565,43473,41127,38349
42841,43341,42912,41798,40478,38963,37251,35927,34730
43741,37670,36907,35730,33532,32396,31546,29839,28630
146312,158208,166318,167302,164594,161562,157383,152387,149487
64536,67044,68312,70133,69481,68745,67429,66261,64550
37631,34331,32021,29749,27119,24795,23013,21392,19084
7740,8022,7516,7328,7086,6959,6732,6441,6378
8308,7494,6773,6155,5516,4845,4307,3706,3332
14547,15878,16636,16740,16568,16203,16217,16287,15986
13111,13796,14118,15030,14801,14618,14580,14203,13491
7409,6752,6272,5994,5457,4910,4555,4101,3743
223451,239281,249343,257884,263356,268706,268218,267833,264548
60634,61959,63423,64329,64575,64923,64620,63200,61513
40507,42203,43636,43998,43188,43349,43078,42115,40614
76607,80927,82715,82247,80702,79479,78971,78002,76063
46256,46982,48677,49302,48938,48383,46794,45782,44020
42491,42706,43823,44058,43304,42657,42388,41076,39247
44798,42590,41642,40689,39159,38202,36632,34565,32484
55537,50121,47057,45340,42219,40087,37305,34103,29951
8323,7972,7811,7638,7267,7067,6736,6303,5765
4057,3587,2918,2712,2450,2318,2124,1955,1783
3955,3874,3828,3644,3467,3245,3016,2800,2588
21219,22889,24434,25071,25207,25436,26023,26068,25954
13588,11907,11156,10542,9468,8614,7798,6924,6038
16947,15364,14360,13998,13255,12572,11893,10695,9318
8181,7910,7697,7341,6798,6251,5755,5391,4826
12975,12337,11866,11262,10507,9928,9307,8726,7765
15867,14909,14397,13915,12949,12399,12104,11507,10446
8349,9157,10196,10957,12096,13562,14267,14926,15070
13453,14265,16466,17745,18986,19514,19823,20703,21658
10244,13676,19713,22619,25674,28408,30368,32286,33338
12952,13044,13562,13907,13785,13999,14637,14519,14241
11234,11676,12074,12523,12546,12721,12952,13123,12727
23310,20310,18857,17341,15794,14614,13100,11722,10490
16176,15520,15610,15827,15908,15993,16199,15626,15044
327170,360024,386547,401020,406853,412626,416680,418125,419429
78263,87617,94849,99628,101253,106107,108356,110085,110473
64147,67624,66290,66087,63876,61351,59228,57266,55621
35254,38106,38080,38630,38423,37361,36413,35495,33817
66653,67420,68435,69308,68436,67542,66555,65226,62690
53532,54548,55576,57152,57604,58390,57772,55754,53000
42572,43049,43110,42446,40875,39226,37760,35929,33625
75210,76726,77939,78282,77284,75845,73494,71180,68512
22037,21521,21398,20752,20191,19074,17711,16411,15123
23448,22519,22170,21433,20455,19700,18303,17257,16152
23308,23930,24989,26021,26966,27766,28769,28790,28464
6007,5643,5302,5034,4671,4162,3705,3538,3325
9569,10752,11341,11864,12807,14928,15978,17460,18434
22551,22556,24017,24644,24509,25421,26205,25628,24625
14324,14153,13807,13323,12632,12002,11335,10747,9967
20178,21883,22965,23870,24080,23749,23657,23613,23498
23674,23221,23049,23075,22497,21756,20969,19896,19087
362998,407237,442147,466354,480854,497203,508266,514937,517231
189918,196817,197818,197774,191504,185435,180627,173983,166532
111648,109479,110920,110194,105030,100776,95641,89444,84210
58545,56964,55757,53622,50271,47410,44206,41264,38370
126992,132115,132736,132540,129467,128236,125814,123952,121735
108270,110548,112961,115983,115251,114706,114548,113371,112091
58755,56996,57014,57263,55766,53850,52762,50786,47157
42612,41537,42842,42306,41516,41064,40505,39493,38017
92663,93563,95168,97005,97215,95658,94326,92854,90187
61009,57528,56175,54804,51893,49022,47217,44948,42080
23369,26629,29276,31306,31753,33058,34701,35278,35253
13572,13645,12669,12113,10442,9380,8605,8098,7648
21432,18014,16225,14760,13313,12781,11887,10946,9644
23900,26639,27568,28697,29407,30106,30277,30564,30359
13831,15365,17958,19339,20802,21705,22075,22424,21981
29059,26413,25336,24079,22687,21678,20782,19620,18045
21896,20392,18753,17424,16060,14787,13536,12095,10882
6195,5822,5912,5682,5325,5038,4906,4690,4377
16788,15667,15602,14970,14174,13706,13080,12432,11633
34672,33845,33800,33768,32295,31101,29331,26636,24061
265571,298171,318266,330956,335287,339864,348979,348990,343393
27445,26660,26086,25309,23308,21430,19472,17490,15210
24498,24480,25022,25009,23739,22377,21321,20348,19547
41096,42832,44866,47554,46823,48192,49965,50758,49472
29905,30679,31677,32147,31564,30723,30338,30011,28686
31050,31019,31852,31378,30295,28742,27569,26039,24698
25028,25340,26080,26255,25828,25919,25970,24397,22610
24122,24856,24252,23014,21182,19582,18512,17281,16029
39379,39614,40315,40609,40066,38991,38784,37917,35933
26570,26649,28493,30272,30664,31481,32659,33541,33830
35553,34482,33878,34016,32401,31076,31175,30257,28766
5812,5216,4943,4708,4413,4068,3744,3386,2947
5084,5008,4874,4870,4527,4291,4027,3727,3542
4323,4279,4149,3814,3682,3575,3315,3236,2932
5031,4563,4428,4306,4055,3826,3535,3297,2970
2584,2123,1907,1815,1706,1650,1591,1478,1367
2134,1907,1740,1501,1313,1242,1195,1170,1013
4601,4530,4653,4739,4539,4383,4366,4208,4048
7052,6265,6011,5566,5215,4901,4657,4374,4103
12440,11018,9411,8830,7760,6979,6378,5492,4719
8099,6679,6663,5872,5566,5292,5035,4632,4358
1900,933,906,751,758,680,569,538,411
27593,28196,29036,28423,28293,30079,28729,27068,25062
13736,12327,11672,10333,9518,8919,8189,7347,6500
11311,10903,10753,10374,9852,9321,8722,8320,7584
15774,15694,16114,16124,15636,15148,14777,14447,13951
9611,9032,9052,8754,8234,7803,7411,6952,6374
7011,6170,5750,5407,5020,4998,4860,4625,3984
6232,6048,6100,6341,6223,6105,5968,5895,5447
9626,8838,8712,8354,8000,7554,7258,6862,6407
29062,26969,26438,25622,24226,23081,21844,20527,18733
9341,8873,8865,8596,7941,7422,6956,6437,5783
2427,2300,2195,2156,2005,1986,1871,1808,1681
15881,15744,16116,16009,15395,15024,14208,13437,12366
1042318,1058058,1065078,1056402,1026455,1019598,1011471,993525,976846
871717,1002201,1088588,1160440,1237062,1284795,1341470,1401279,1463743
175143,165969,163000,159424,150453,145085,138629,131090,123638
255203,265132,280291,288574,294665,302741,304884,306434,302402
55615,58551,62595,64479,62530,61623,59182,57497,57686
126934,128058,135852,138825,139663,140463,136701,133357,131492
64233,61464,60077,59727,57700,56547,54027,51534,50605
82263,80984,82185,81863,80531,79806,77612,74539,71375
88888,85736,85078,84556,81895,79492,76689,73262,69057
38688,39520,41698,43359,43835,45289,47348,47844,48512
51637,50395,49537,47837,45704,43341,41338,39213,37448
47843,53750,61838,65527,65711,67833,69737,70070,70468
32049,31220,31701,31985,31089,29716,29133,28104,27031
33734,43145,48647,50294,49216,49353,48032,46560,44210
30469,36914,41057,43811,47116,50612,54583,57481,58499
38876,47741,57966,63242,70303,81988,93049,97571,100172
41599,55160,65838,75555,88699,99206,105219,108402,106780
33818,52169,64109,69435,75214,82903,89414,92748,95087
40309,56194,66985,71389,78197,86938,92056,94148,95501
26155,36553,50273,57737,62402,64913,66099,67087,70482
25195,28821,35562,41311,45725,51244,55476,55943,57920
31023,36192,42131,47504,49573,54144,55778,55677,55431
37301,36487,36762,36845,35910,35179,34045,32902,31640
38562,35428,33670,33165,32678,32197,31225,30630,30081
58420,54860,54703,54510,52497,50804,48378,45929,42589
66623,64982,64623,65128,63724,62593,61707,59385,56355
52868,51757,51413,51609,50004,47928,45708,43372,40732
56204,59697,66220,73649,77610,88691,95040,97974,98435
11245,17646,24840,30869,36576,42345,45548,46972,49780
19395,19982,23966,28594,34283,36728,38126,39136,38592
14855,16930,19662,22114,23267,26314,29389,30985,31318
21042,27476,32241,33754,34626,36199,37794,40557,43564
12350,15849,18546,20085,22209,24125,25086,25601,26044
10824,12429,13863,14954,15493,19227,22431,23447,24679
7154,7553,7657,7573,7524,7509,7640,7858,8373
18691,22776,26810,29027,29697,31504,34811,37685,41997
17366,19762,18934,18643,17398,16685,15827,16247,15369
26977,24377,27196,30062,29756,31289,31623,30679,30021
16760,21483,25327,27872,27896,28807,30417,31332,32119
9368,10331,14188,15994,17107,18999,19309,19279,19160
11603,11115,11228,11432,11001,10517,9730,9253,8602
18266,18045,19079,20540,20332,20248,19266,18204,17088
11912,11769,12780,13741,14182,14667,14760,14535,13863
18737,19719,22273,23868,24572,27078,28926,29353,29155
4190,3819,3594,3560,3371,3117,2948,2749,2432
12769,12773,13203,13576,14098,14755,15227,15400,15284
12885,12528,12721,13177,13232,13525,13862,14282,14350
15065,15500,17154,17740,18629,19437,19779,20248,20253
14917,14534,14716,15245,14476,13892,13104,12369,11685
16810,16006,16196,15662,14632,13763,12750,11810,10909
9876,10364,10872,11602,11308,10915,10469,10216,9617
23190,22508,22872,22746,22046,21276,20190,20115,18264
6256,6440,6653,6943,6628,6196,5943,5741,5503
3779,3761,3853,3987,3971,3726,3636,3408,3251
24935,25396,26104,27231,27041,27031,26375,25543,24714
26058,27771,31155,32341,33732,35072,35604,34387,36005
25063,25090,26073,26117,25423,24689,23767,22898,21572
7317,7635,7749,7549,7364,7223,7188,7053,6792
9180,8913,8780,8773,8636,8443,8296,8172,7852
24894,25545,25699,25706,24383,23070,21848,20837,19544
215000,222687,236029,242072,243726,246674,243076,241361,237506
141171,138572,142224,142057,139888,137436,134144,131116,126926
47369,50733,54254,55791,55877,57414,60726,64723,69074
26785,25535,25636,25831,25162,24507,23949,22739,21404
61561,60913,61243,62044,60882,60348,59143,58190,57161
53997,52041,53156,54319,54004,53943,53068,51497,50699
35475,34557,35006,34714,34336,34083,33215,32117,30720
38471,36945,37839,38915,40283,43491,45375,45852,45133
32992,32107,32759,32983,32421,32389,31324,30392,28984
31895,31080,31815,32339,32502,33049,33648,33537,32899
13864,14330,14506,14911,15678,15631,16042,16100,16405
9735,11023,11501,13495,14455,18444,19176,18889,17837
5143,5910,6682,6907,7534,8210,8672,9090,9224
24754,26164,27757,28759,28702,28625,28176,27157,26175
7468,7427,7463,7622,7515,7737,6986,6738,6379
23231,23025,23495,23798,23413,22818,22314,21570,20929
10649,9942,9776,9682,9239,8787,8503,7956,7369
10546,9712,9732,9728,9483,9539,9584,9628,9515
34694,31974,31790,31464,30539,29510,28393,27057,25607
13668,12997,12911,12582,12212,11681,11140,10660,9842
495445,505835,502799,505566,494032,487063,470135,455206,443766
287936,288368,288231,287349,280261,279551,274399,269574,261101
56692,57289,58890,58457,56903,52853,51563,50045,47455
107030,114822,127339,134804,138918,142517,144299,144034,140752
56538,60919,65538,69472,73435,79279,84414,88040,90517
55661,52410,50849,48719,46572,43966,41586,38389,34905
36598,33042,32478,32312,31254,30470,28370,26993,25145
58672,52472,50810,48875,46064,43513,41230,38481,34407
42983,41871,41035,39528,37308,35089,33538,31414,29377
68649,63410,60947,57736,54143,51295,48533,44765,40622
42769,41941,41064,39670,37610,36327,35288,33680,31176
61901,60107,58861,57380,55408,54048,52230,49998,47245
69861,67759,66556,65575,62828,58898,57045,54045,50363
14008,18597,28824,30896,33640,35377,40356,42655,42535
11406,15818,20377,23536,25226,26932,28065,29127,30110
10713,10335,10353,10363,10188,10349,10026,9657,8903
13409,13912,14479,14735,14599,15064,15325,15158,14651
14673,14729,15498,15677,15728,15565,15462,15367,15227
7552,6374,5684,5101,4651,4238,3765,3268,2849
10987,11035,11812,12212,12068,12695,13335,13697,13599
46762,40867,38140,36005,32123,29845,27559,25039,22074
534228,574299,619236,654348,680765,708097,720816,727978,734474
149647,147715,150389,149421,145959,143712,140655,136886,132266
42196,41118,42236,42292,40173,39373,38814,37583,35611
55452,58296,61485,62570,59507,57389,56905,55960,55321
38109,36782,37150,36520,34594,32842,31147,29120,26978
69354,69893,72324,74356,73319,72900,73051,71851,69541
64029,61910,62839,63234,62150,60991,59491,57726,55391
50211,48268,49527,50831,51610,52545,52636,51862,50194
31327,31564,32954,33575,33390,35010,37255,38023,37727
42136,41541,40682,39900,38316,36667,35314,32502,29902
61766,61448,62412,63662,63401,64008,63968,63089,61878
35878,34607,34004,33504,33018,31364,30457,29636,28444
127636,122513,121574,118765,112068,107823,102907,96473,89065
19651,22664,31856,38142,42014,46925,49391,51647,55002
16579,14826,14727,14983,14222,13594,12969,12254,11388
6403,6281,6315,6180,6043,6038,5781,5626,5554
14278,13086,12498,12478,12247,12076,11821,11203,10564
14084,15821,16715,18126,17605,17833,17956,17381,16594
15666,14426,13972,13820,13484,12902,12390,11900,11247
18322,18086,19894,22008,23744,26376,28021,29107,31234
10881,13138,20152,22585,24154,26273,28360,32434,37734
6029,5462,5319,5221,4973,4818,4657,4687,4429
12509,11228,10813,10464,9854,9413,8954,8621,7877
2417,2085,1981,1878,1856,1885,1824,1708,1606
10444,9352,8806,8531,8069,7703,7300,7081,6716
5132,4813,4824,4921,5024,5144,5728,6352,6792
13087,12797,13010,13285,12643,12864,12436,12254,11972
17716,16698,17536,17979,17952,18438,18532,18116,17888
7712,7470,7731,7434,7295,7654,8145,8492,8676
18918,21031,24269,26773,28492,30757,32160,32782,32676
13620,13160,12989,12864,12459,12372,12012,11604,11181
30607,27461,26336,25282,23503,21746,20333,18761,16981
14614,14181,14624,14798,14646,14287,13725,13232,12715
29370,27909,27413,26473,25024,23744,22373,20840,19316
6355,6155,6053,5971,5783,5793,5741,5424,5062
10859,10340,10679,11598,11728,12095,11975,11647,11075
16004,14823,14598,14123,13437,12701,12072,11398,10554
6634,6163,6038,5805,5514,5350,5018,4726,4375
4410,3874,3668,3446,3115,2919,2706,2597,2405
6241,5753,5932,6024,5941,5756,5526,5398,4934
4006,3507,3086,2297,1964,1687,1530,1358,1205
4765,4426,4276,4398,4237,4118,4104,3901,3681
8592,7717,6984,6726,6150,5665,5201,4786,4249
19910,19141,19524,19535,18968,18533,17751,17300,16638
12445,11445,10897,10621,9916,9613,9436,8927,8314
289951,347702,385635,413622,429927,446581,454424,462317,474094
123786,133894,136485,134775,130334,128255,126523,126959,125385
83262,82169,85963,87736,86965,86679,85617,84368,84312
87102,83649,83880,83655,81580,79776,77369,74165,70940
96667,96317,96534,95907,91217,88116,84449,80297,76951
52434,50872,51302,51086,48754,46830,45486,43352,41469
33988,31922,30454,28836,26797,24848,23164,21456,19917
42873,38359,36011,34693,32398,30368,28689,26534,24423
33561,31527,30705,29812,28798,27337,26206,25114,23906
38504,36299,35066,34816,34095,33370,33363,33567,32083
71020,67777,67811,67960,65541,63819,62349,60809,59008
58312,53513,51975,50011,47034,45191,43371,41548,39452
33804,32994,34708,35945,35119,34773,35248,35386,34702
46521,42579,40504,39784,37771,36253,35425,34206,32002
3422,3207,3234,3261,3268,2996,2761,2469,2189
20207,20326,21464,22564,23589,24433,26142,27640,28221
16324,14839,14407,13672,12848,12022,11566,11108,10421
23828,22369,22775,22079,20907,19659,18988,18276,17054
255888,291157,329751,349465,365080,384391,392178,395593,400583
157589,159621,172655,175728,172593,174054,171812,170955,169602
149567,153432,154881,153835,146989,141751,139176,135182,131182
72231,70768,72785,71535,68176,65809,63421,60914,57689
52415,51037,52762,53753,53480,52828,51697,49820,48270
54535,60252,64948,65547,64431,64341,64186,63555,63223
31734,30038,29420,28328,26734,25243,23647,22118,20453
38509,37054,37836,38370,37218,36331,35381,34087,32614
28972,27241,27246,28034,26826,25872,24906,23079,21606
14699,15789,17713,18832,21011,22941,24056,24545,24800
12798,12476,12579,12455,11984,11619,11254,10623,10000
19037,19050,19864,21161,21339,22130,22367,21692,20909
7748,7339,7261,7309,7385,7419,7596,7478,7224
19777,21494,22950,23239,22970,22886,22748,22522,21733
16514,16625,17220,18053,18085,18037,19058,18608,18092
3422,2624,2153,1989,1694,1543,1480,1307,1241
6031,5575,5857,6101,5871,5727,5759,5531,5177
16707,16940,18026,18480,18371,18053,17630,17323,17009
12479,12675,13486,13859,13229,12618,12321,11811,11137
15540,16708,18533,18941,18894,19155,19287,19207,18854
4582,3872,3470,3212,2917,2687,2402,2119,1882
7616,6267,5478,5131,4611,4160,3769,3478,3092
13219,11436,10709,9855,8984,8251,7509,6874,6248
22131,20523,19957,19170,18093,16780,15843,14778,13723
10261,8715,8013,7353,6550,5928,5445,5031,4463
7104,6347,6034,5808,5392,5265,5079,4812,4427
444165,496802,547756,574672,582252,594430,601693,604367,605846
95915,94790,100005,102653,103761,105059,106462,106208,105070
30084,29685,30060,30099,28794,27640,26317,25150,23638
32390,30295,29527,29185,27869,27506,26270,25072,23154
56289,55006,57279,58402,57962,58655,58460,57907,55621
55832,55282,55140,54781,52292,50529,48750,46822,44396
26222,24266,23537,22692,20952,19822,18866,18198,16951
25952,24422,24179,23504,22264,20933,20107,18928,17248
104295,99151,102143,108105,106432,106737,105464,102370,99589
54656,52250,52022,53025,52675,52791,53391,52411,50822
54395,49765,49060,48869,47492,46328,44910,42287,39221
95326,96935,102157,109929,116247,122279,127912,127309,127487
38898,38151,38377,37878,36790,35534,34266,32993,31144
59584,54759,52604,50871,48113,45845,43979,41677,38704
40812,37930,38404,38387,37316,36694,35966,34770,33034
57278,58257,60052,60455,56026,53410,51898,49617,46121
56744,51768,50261,49189,47498,45792,44137,42191,39065
42905,39343,38310,37483,36146,35007,33508,31499,29304
51608,55540,62992,66830,68789,71762,73640,74840,74809
655,628,619,552,503,513,500,462,418
1407,1120,903,787,790,776,756,673,657
35005,31589,30650,30284,29063,28141,27331,25688,24109
15929,14940,14840,14440,13801,13185,12552,11958,11105
16082,14488,13982,13792,13851,13537,13237,12566,11595
18676,17608,17527,17689,16828,16480,16018,15303,14215
8977,8419,8440,8254,8119,7868,7530,7122,6802
16736,14959,13829,13043,12239,11608,10889,10015,8987
17990,16037,14344,13469,12526,11623,10741,9897,8815
25433,23892,23361,22955,21542,20317,19523,18307,17160
14775,13054,12297,11339,10552,10027,9675,9194,8696
9923,9039,8320,7976,7672,7422,7154,6751,6218
17376,16110,15624,15074,13860,13593,13875,13761,13589
3136,2733,2509,2419,2251,2092,2104,2013,1765
3377,2671,2594,2473,2492,2424,2243,2048,1932
17273,15290,14309,13269,12566,12017,11649,10782,9874
6610,6220,6136,6183,5967,5889,6002,6002,6078
12725,11464,11169,10591,9641,9268,9041,8572,8169
16445,15215,15553,15321,14536,13640,13127,12892,12090
9822,9153,8775,8485,7874,7365,7212,7020,6653
12142,11023,10318,9826,8821,8151,7769,7255,6844
9507,8615,8932,8653,8188,7869,7736,7436,7114
8703,8267,8407,8165,7768,7456,7435,7115,6806
7096,6971,7320,7222,6704,6210,6099,5731,5327
276394,295006,295778,303674,304836,301890,301032,312393,315954
39390,53835,62549,69206,75905,82862,86744,89769,91928
36554,34657,38819,41177,41245,41777,43302,45183,46922
41768,59289,70282,81611,89994,96002,102734,106049,110351
39799,45210,45991,49038,51154,53955,56606,59463,60231
34083,39363,42239,45921,49636,53496,54974,55816,57320
82781,91347,94851,101210,105845,115336,119686,126400,130249
13183,24983,33075,37965,40777,45253,50198,52516,57261
78997,85608,91285,98539,101911,105228,109992,113535,116979
58667,55957,58797,58535,55429,54326,54249,53493,52039
29133,30885,34124,36062,36836,38173,39130,39651,39758
7324,6568,6873,6510,6114,6015,5825,5546,5188
4535,4178,3626,3567,3513,3437,3281,3371,3221
2425,2300,2067,2134,1891,1963,1867,1825,1794
10508,11100,9593,9465,9165,9486,9492,9476,9257
17152,17823,15307,15116,15043,14718,14522,14383,13870
7433,8266,8013,8268,8486,8685,9064,9635,10144
3566,3819,4022,4414,4630,4651,4749,5042,5331
9953,10120,9745,10005,9525,9911,10106,10619,11066
5842,5254,5039,5055,5127,5131,5112,5110,4737
21410,24232,26516,28536,30750,32912,36115,37306,38200
13820,14067,14094,14126,13865,13752,13661,13629,13827
10458,12765,16014,19008,20730,23737,25554,26848,27264
9432,10944,12210,13011,13707,15023,15745,15790,15951
9747,10315,10346,10765,12060,13832,14987,15798,17680
9736,12299,16305,21981,25489,28516,32777,33733,34766
9639,12017,12752,13311,14009,14850,15109,15343,16318
10981,15212,20679,24937,28616,30249,32099,33537,35244
712,818,830,888,710,725,730,790,760
1109,869,761,812,853,1018,1026,1077,865
1522,1280,1086,930,930,968,960,936,863
1004,721,609,529,560,616,523,531,452
2252,1710,1640,1504,1399,1473,1445,1448,1442
764,647,658,584,519,575,671,588,665
2254,1638,1501,1391,1456,1434,1530,1547,1385
3279,2286,2144,2003,1892,1895,1897,1762,1589
11364,10109,10187,10238,10309,9819,9359,9177,8519
16038,17647,18990,19918,20718,23033,24626,25121,26681
2286,1805,1667,1632,1463,1409,1338,1370,1231
4904,3468,3376,3467,3468,3508,3551,4192,3859
2913,2155,2119,2054,1833,1801,1852,1796,1657
